,playlistID,playlistName,nTracks,type,owner,description,url,nFoll,TrackName,TrackID,SampleURL,ReleaseYear,Genres,Popularity,danceability,energy,loudness,speechiness,acousticness,instrumentalness,liveness,valence,tempo,key,mode,duration_ms,reducedGenre
0,7JeutIjM4H2PK8taoLlmc4,Jukebox 2023,129,user,Judith Heldens,,https://open.spotify.com/playlist/7JeutIjM4H2PK8taoLlmc4,0,River,3mRLHiSHYtC8Hk7bzZdUs1,https://p.scdn.co/mp3-preview/45f3948eda701732ce1ab0958ea55f0fe81e2b21?cid=0c571addac5347aa9932ddc72e415d79,2018-04-20,['modern alternative rock'],76,0.733,0.477,-6.737,0.0687,0.302,2.97e-06,0.0579,0.545,62.507,2,0,216133,rock
1,7JeutIjM4H2PK8taoLlmc4,Jukebox 2023,129,user,Judith Heldens,,https://open.spotify.com/playlist/7JeutIjM4H2PK8taoLlmc4,0,20s,62Vz24WH66GYadBPFJKwT7,https://p.scdn.co/mp3-preview/24bbf95a86167b373e8dce45e4162ff8ba6aa73a?cid=0c571addac5347aa9932ddc72e415d79,2022-02-11,['uk pop'],65,0.629,0.681,-6.724,0.18,0.0454,0.0,0.362,0.377,150.016,2,1,184458,pop
2,7JeutIjM4H2PK8taoLlmc4,Jukebox 2023,129,user,Judith Heldens,,https://open.spotify.com/playlist/7JeutIjM4H2PK8taoLlmc4,0,Use Somebody,5VGlqQANWDKJFl0MBG3sg2,https://p.scdn.co/mp3-preview/6b0e4d00b02ff767f436c2c43f9f8b2a12b35472?cid=0c571addac5347aa9932ddc72e415d79,2008-09-23,"['modern rock', 'rock']",80,0.276,0.715,-5.356,0.0432,0.00552,0.000417,0.201,0.173,137.028,0,1,230760,rock
3,7JeutIjM4H2PK8taoLlmc4,Jukebox 2023,129,user,Judith Heldens,,https://open.spotify.com/playlist/7JeutIjM4H2PK8taoLlmc4,0,Dandelions,2eAvDnpXP5W0cVtiI0PUxV,https://p.scdn.co/mp3-preview/3e55602bc286bc1fad9347931327e649ff9adfa1?cid=0c571addac5347aa9932ddc72e415d79,2017-05-05,"['alt z', 'canadian contemporary r&b', 'canadian pop', 'pop']",91,0.609,0.692,-2.958,0.0259,0.0157,0.0,0.0864,0.454,116.959,1,1,233720,pop
4,7JeutIjM4H2PK8taoLlmc4,Jukebox 2023,129,user,Judith Heldens,,https://open.spotify.com/playlist/7JeutIjM4H2PK8taoLlmc4,0,Castles,5tZWtGT65sMrDVPB5H444n,https://p.scdn.co/mp3-preview/70f6f727c28ba2dd3c5e1db52596a7ae288cc2c3?cid=0c571addac5347aa9932ddc72e415d79,2019-07-19,['uk pop'],62,0.672,0.752,-4.866,0.0843,0.0046,0.00047,0.056,0.429,116.945,4,1,211843,pop
5,7JeutIjM4H2PK8taoLlmc4,Jukebox 2023,129,user,Judith Heldens,,https://open.spotify.com/playlist/7JeutIjM4H2PK8taoLlmc4,0,Tubthumping,22HYEJveCvykVDHDiEEmjZ,https://p.scdn.co/mp3-preview/135ed2e5aff4240f7a3ee668a303eb87c2c01898?cid=0c571addac5347aa9932ddc72e415d79,1997-09-01,['anarcho-punk'],71,0.348,0.88,-7.366,0.0978,0.128,0.0,0.357,0.606,101.185,2,1,278779,punk
6,7JeutIjM4H2PK8taoLlmc4,Jukebox 2023,129,user,Judith Heldens,,https://open.spotify.com/playlist/7JeutIjM4H2PK8taoLlmc4,0,On Top Of The World,213x4gsFDm04hSqIUkg88w,https://p.scdn.co/mp3-preview/63c233fd86794fed3c0b3a3ba5e1e4916e1a23bc?cid=0c571addac5347aa9932ddc72e415d79,2012-09-04,"['modern rock', 'pop', 'rock']",80,0.631,0.924,-5.589,0.146,0.0841,3.59e-06,0.084,0.755,100.045,0,1,192280,rock
7,7JeutIjM4H2PK8taoLlmc4,Jukebox 2023,129,user,Judith Heldens,,https://open.spotify.com/playlist/7JeutIjM4H2PK8taoLlmc4,0,Little Bit of Love,3Iba59sFmGhQ4kbCY5L8AX,https://p.scdn.co/mp3-preview/d254f2af818bab3843a1de549ba19ac75dae62d3?cid=0c571addac5347aa9932ddc72e415d79,2021-03-12,['uk pop'],70,0.689,0.706,-4.48,0.0312,0.0833,0.0,0.105,0.623,106.52,1,0,226268,pop
8,7JeutIjM4H2PK8taoLlmc4,Jukebox 2023,129,user,Judith Heldens,,https://open.spotify.com/playlist/7JeutIjM4H2PK8taoLlmc4,0,Pompeii,51codqiX6WYdVHVaMAQTgy,https://p.scdn.co/mp3-preview/18da10d3596cdce4434dbeebf94fc75790217d50?cid=0c571addac5347aa9932ddc72e415d79,2014-11-01,"['metropopolis', 'modern rock', 'pop']",55,0.689,0.727,-6.399,0.04,0.0864,0.0,0.237,0.546,127.464,9,1,214973,pop
9,7JeutIjM4H2PK8taoLlmc4,Jukebox 2023,129,user,Judith Heldens,,https://open.spotify.com/playlist/7JeutIjM4H2PK8taoLlmc4,0,Little Lion Man,3GfgC3AawvFSCowb90vpzl,https://p.scdn.co/mp3-preview/038f6d020d380673826f719525f362d37373a0c9?cid=0c571addac5347aa9932ddc72e415d79,2012-11-16,"['modern folk rock', 'modern rock', 'neo mellow', 'stomp and holler', 'uk americana']",61,0.521,0.496,-8.018,0.0271,0.0244,7.31e-06,0.0895,0.445,138.633,5,1,247000,rock
10,7JeutIjM4H2PK8taoLlmc4,Jukebox 2023,129,user,Judith Heldens,,https://open.spotify.com/playlist/7JeutIjM4H2PK8taoLlmc4,0,Ugly Heart,1Vv0MPcooEoQzVZYfKMgKW,https://p.scdn.co/mp3-preview/bb52872830c333d291b1ba4c8761715254221fea?cid=0c571addac5347aa9932ddc72e415d79,2014-06-03,"['girl group', 'post-teen pop', 'talent show']",70,0.649,0.79,-5.529,0.0482,0.0167,0.0,0.255,0.458,124.993,9,1,199580,pop
11,7JeutIjM4H2PK8taoLlmc4,Jukebox 2023,129,user,Judith Heldens,,https://open.spotify.com/playlist/7JeutIjM4H2PK8taoLlmc4,0,Love Generation - Radio Edit,7M13FwBAKWNa2jqcZeUhL6,https://p.scdn.co/mp3-preview/d9c67085494ffa814feea41ccfe67624464421e5?cid=0c571addac5347aa9932ddc72e415d79,2005-06-20,"['disco house', 'filter house']",72,0.723,0.872,-3.617,0.0586,0.192,0.000154,0.0814,0.544,128.038,1,1,204798,house
12,7JeutIjM4H2PK8taoLlmc4,Jukebox 2023,129,user,Judith Heldens,,https://open.spotify.com/playlist/7JeutIjM4H2PK8taoLlmc4,0,Lost,4L7jMAP8UcIe309yQmkdcO,,2012-07-10,"['lgbtq+ hip hop', 'neo soul']",2,0.913,0.603,-4.892,0.226,0.0272,0.000503,0.167,0.497,123.061,8,1,234093,soul
13,7JeutIjM4H2PK8taoLlmc4,Jukebox 2023,129,user,Judith Heldens,,https://open.spotify.com/playlist/7JeutIjM4H2PK8taoLlmc4,0,All Star,3cfOd4CMv2snFaKAnMdnvK,https://p.scdn.co/mp3-preview/70327c47dd089121bca4212f5db3d8ad81f538fe?cid=0c571addac5347aa9932ddc72e415d79,1999-06-08,"['pop rock', 'post-grunge']",82,0.731,0.867,-5.881,0.032,0.0395,0.0,0.0861,0.776,104.019,11,1,200373,pop
14,7JeutIjM4H2PK8taoLlmc4,Jukebox 2023,129,user,Judith Heldens,,https://open.spotify.com/playlist/7JeutIjM4H2PK8taoLlmc4,0,"thank u, next",3e9HZxeyfWwjeyPAMmWSSQ,https://p.scdn.co/mp3-preview/44b7c169577a7c80e052a775b6f1930213b2acfd?cid=0c571addac5347aa9932ddc72e415d79,2019-02-08,['pop'],83,0.717,0.653,-5.634,0.0658,0.229,0.0,0.101,0.412,106.966,1,1,207320,pop
15,7JeutIjM4H2PK8taoLlmc4,Jukebox 2023,129,user,Judith Heldens,,https://open.spotify.com/playlist/7JeutIjM4H2PK8taoLlmc4,0,Unwritten,3U5JVgI2x4rDyHGObzJfNf,https://p.scdn.co/mp3-preview/5559460cc3e2c5aa1eeea1c16cf838cecde326d8?cid=0c571addac5347aa9932ddc72e415d79,2004-08-30,"['dance pop', 'pop', 'post-teen pop']",80,0.706,0.8,-6.333,0.0399,0.00584,0.0,0.0822,0.629,100.011,5,1,259333,pop
16,7JeutIjM4H2PK8taoLlmc4,Jukebox 2023,129,user,Judith Heldens,,https://open.spotify.com/playlist/7JeutIjM4H2PK8taoLlmc4,0,Juice,0k664IuFwVP557Gnx7RhIl,https://p.scdn.co/mp3-preview/9d08e206a50a1de2d643394a4a83cbc4082d659c?cid=0c571addac5347aa9932ddc72e415d79,2019-04-19,"['escape room', 'minnesota hip hop', 'pop', 'trap queen']",76,0.767,0.889,-2.988,0.0963,0.00611,0.0,0.402,0.843,119.93,7,1,195145,pop
17,7JeutIjM4H2PK8taoLlmc4,Jukebox 2023,129,user,Judith Heldens,,https://open.spotify.com/playlist/7JeutIjM4H2PK8taoLlmc4,0,Waterfalls,6qspW4YKycviDFjHBOaqUY,https://p.scdn.co/mp3-preview/7fae23d7bb19a77d6c5552f385cc6f80534dfae7?cid=0c571addac5347aa9932ddc72e415d79,1994-11-15,"['atl hip hop', 'contemporary r&b', 'dance pop', 'girl group', 'hip pop', 'r&b', 'urban contemporary']",78,0.769,0.505,-7.345,0.0829,0.311,7.49e-05,0.0777,0.757,171.804,1,1,279507,pop
18,7JeutIjM4H2PK8taoLlmc4,Jukebox 2023,129,user,Judith Heldens,,https://open.spotify.com/playlist/7JeutIjM4H2PK8taoLlmc4,0,Good Time,5w6TVvv71F8px5cObg2xnx,,2012-01-01,"['indietronica', 'pop']",0,0.554,0.878,-4.271,0.134,0.0216,5.76e-06,0.362,0.682,126.045,3,1,205933,pop
19,7JeutIjM4H2PK8taoLlmc4,Jukebox 2023,129,user,Judith Heldens,,https://open.spotify.com/playlist/7JeutIjM4H2PK8taoLlmc4,0,Narcotic - Radio Edit,1H5VQuShs4qfwBXyHF0PeH,https://p.scdn.co/mp3-preview/3eeccda36159f511f9b4ec008b2a30622bc5bfc8?cid=0c571addac5347aa9932ddc72e415d79,1998-07-10,"['german alternative rock', 'german pop rock']",73,0.617,0.607,-7.015,0.0231,0.000876,0.0701,0.0918,0.446,102.068,1,1,236150,rock
20,7JeutIjM4H2PK8taoLlmc4,Jukebox 2023,129,user,Judith Heldens,,https://open.spotify.com/playlist/7JeutIjM4H2PK8taoLlmc4,0,Have A Nice Day,6JWddKPdqvDc2WkPEi9grC,https://p.scdn.co/mp3-preview/dc26f33ebf7e60f1be7516d7e62943897b3d26c4?cid=0c571addac5347aa9932ddc72e415d79,2001-01-01,"['britpop', 'modern rock', 'welsh rock']",66,0.508,0.826,-4.088,0.0405,0.018,0.0,0.28,0.404,120.854,1,0,205067,rock
21,7JeutIjM4H2PK8taoLlmc4,Jukebox 2023,129,user,Judith Heldens,,https://open.spotify.com/playlist/7JeutIjM4H2PK8taoLlmc4,0,emo girl (feat. WILLOW),2AAyBZmMVZSZfgzXRYJOWQ,,2022-02-04,"['ohio hip hop', 'pop rap']",1,0.41,0.881,-3.502,0.087,0.000406,4.26e-05,0.922,0.357,165.006,2,1,159096,pop
22,7JeutIjM4H2PK8taoLlmc4,Jukebox 2023,129,user,Judith Heldens,,https://open.spotify.com/playlist/7JeutIjM4H2PK8taoLlmc4,0,The Best of Both Worlds,4ygvIFBeiY8zCisBSbOrum,https://p.scdn.co/mp3-preview/000b19dc9340467a9da54c63a3b3ff89aae5487c?cid=0c571addac5347aa9932ddc72e415d79,2007-01-01,"['pop', 'post-teen pop']",36,0.676,0.853,-3.705,0.0509,0.0407,0.0,0.0586,0.681,124.007,1,1,174388,pop
23,7JeutIjM4H2PK8taoLlmc4,Jukebox 2023,129,user,Judith Heldens,,https://open.spotify.com/playlist/7JeutIjM4H2PK8taoLlmc4,0,Kryptonite,6ZOBP3NvffbU4SZcrnt1k6,https://p.scdn.co/mp3-preview/55c8389bc8dfbe118e97ecd05f027e9ad59cd99d?cid=0c571addac5347aa9932ddc72e415d79,2000,"['alternative metal', 'nu metal', 'post-grunge', 'rock']",83,0.545,0.865,-5.708,0.0286,0.00664,1.1e-05,0.168,0.543,99.009,11,0,233933,metal
24,7JeutIjM4H2PK8taoLlmc4,Jukebox 2023,129,user,Judith Heldens,,https://open.spotify.com/playlist/7JeutIjM4H2PK8taoLlmc4,0,Life is a Highway,5gB2IrxOCX2j9bMnHKP38i,https://p.scdn.co/mp3-preview/660735806b896ae2cd14cb8022996c4a39bf051d?cid=0c571addac5347aa9932ddc72e415d79,2006-01-01,"['contemporary country', 'country', 'country road']",78,0.562,0.934,-5.562,0.0607,0.00211,0.0,0.199,0.558,103.042,5,1,275640,country
25,7JeutIjM4H2PK8taoLlmc4,Jukebox 2023,129,user,Judith Heldens,,https://open.spotify.com/playlist/7JeutIjM4H2PK8taoLlmc4,0,The Nights,0ct6r3EGTcMLPtrXHDvVjc,https://p.scdn.co/mp3-preview/7866e9567e7398035a01f663104ea1c5c28d11b1?cid=0c571addac5347aa9932ddc72e415d79,2014-01-01,"['edm', 'pop', 'pop dance']",89,0.527,0.835,-5.298,0.0433,0.0166,0.0,0.249,0.654,125.983,6,1,176658,pop
26,7JeutIjM4H2PK8taoLlmc4,Jukebox 2023,129,user,Judith Heldens,,https://open.spotify.com/playlist/7JeutIjM4H2PK8taoLlmc4,0,Price Tag,2fTsFCKRFQ5M0igJgabnLA,https://p.scdn.co/mp3-preview/71b3faabe9cf3b0d5613ba1dd110cbbbfde88e03?cid=0c571addac5347aa9932ddc72e415d79,2011-01-01,"['dance pop', 'pop']",79,0.636,0.831,-3.945,0.182,0.0294,3.85e-06,0.272,0.668,175.015,5,1,223053,pop
27,7JeutIjM4H2PK8taoLlmc4,Jukebox 2023,129,user,Judith Heldens,,https://open.spotify.com/playlist/7JeutIjM4H2PK8taoLlmc4,0,Party In The U.S.A.,3E7dfMvvCLUddWissuqMwr,https://p.scdn.co/mp3-preview/b2ba87ea556f5c9f44c947b176ccec21da3e612f?cid=0c571addac5347aa9932ddc72e415d79,2009-01-01,['pop'],84,0.652,0.698,-4.667,0.042,0.00112,0.000115,0.0886,0.47,96.021,10,0,202067,pop
28,7JeutIjM4H2PK8taoLlmc4,Jukebox 2023,129,user,Judith Heldens,,https://open.spotify.com/playlist/7JeutIjM4H2PK8taoLlmc4,0,Ready or Not,5xvUgoVED1F4mBu8FL0HaW,https://p.scdn.co/mp3-preview/f1696aa2679a5e64e3c3fe210829a009183e1ca4?cid=0c571addac5347aa9932ddc72e415d79,2012-01-01,"['pop', 'post-teen pop']",71,0.715,0.872,-3.835,0.0509,0.00351,3.84e-05,0.107,0.748,93.043,2,1,200947,pop
29,7JeutIjM4H2PK8taoLlmc4,Jukebox 2023,129,user,Judith Heldens,,https://open.spotify.com/playlist/7JeutIjM4H2PK8taoLlmc4,0,Stronger (What Doesn't Kill You),1nInOsHbtotAmEOQhtvnzP,https://p.scdn.co/mp3-preview/4956c3edb0a79489adc21e2d16eb8f7880c94d36?cid=0c571addac5347aa9932ddc72e415d79,2011-10-24,"['dance pop', 'pop', 'talent show']",78,0.562,0.939,-4.282,0.0475,0.046,0.0,0.112,0.684,116.044,0,1,221947,pop
30,7JeutIjM4H2PK8taoLlmc4,Jukebox 2023,129,user,Judith Heldens,,https://open.spotify.com/playlist/7JeutIjM4H2PK8taoLlmc4,0,Don't Stop Me Now - Remastered 2011,5T8EDUDqKcs6OSOwEsfqG7,https://p.scdn.co/mp3-preview/857030fc088d0d4f72f7795b260bb052d20f7146?cid=0c571addac5347aa9932ddc72e415d79,1978-11-10,"['classic rock', 'glam rock', 'rock']",85,0.559,0.868,-5.276,0.17,0.0475,0.000176,0.776,0.609,156.295,5,1,209413,rock
31,7JeutIjM4H2PK8taoLlmc4,Jukebox 2023,129,user,Judith Heldens,,https://open.spotify.com/playlist/7JeutIjM4H2PK8taoLlmc4,0,Bad Reputation,5M5ySjWYS4s6hi2pEvEwb5,,2006,"['glam punk', 'rock']",0,0.385,0.975,-4.099,0.192,0.00197,0.0167,0.0602,0.821,204.397,6,1,170841,rock
32,7JeutIjM4H2PK8taoLlmc4,Jukebox 2023,129,user,Judith Heldens,,https://open.spotify.com/playlist/7JeutIjM4H2PK8taoLlmc4,0,Uptown Girl,5zA8vzDGqPl2AzZkEYQGKh,https://p.scdn.co/mp3-preview/62bccc2f61bb990df31d1a247a3bf69efd32da18?cid=0c571addac5347aa9932ddc72e415d79,1983-08-08,"['album rock', 'classic rock', 'heartland rock', 'mellow gold', 'piano rock', 'rock', 'singer-songwriter', 'soft rock']",83,0.701,0.944,-2.986,0.0455,0.0755,0.0,0.601,0.792,128.993,4,1,197707,rock
33,7JeutIjM4H2PK8taoLlmc4,Jukebox 2023,129,user,Judith Heldens,,https://open.spotify.com/playlist/7JeutIjM4H2PK8taoLlmc4,0,American Idiot,6nTiIhLmQ3FWhvrGafw2zj,https://p.scdn.co/mp3-preview/2e9359e821b18414235d870a4d2671f4337c8682?cid=0c571addac5347aa9932ddc72e415d79,2004-09-21,"['modern rock', 'permanent wave', 'punk', 'rock']",82,0.38,0.988,-2.042,0.0639,2.64e-05,7.86e-05,0.368,0.769,186.113,1,1,176346,rock
34,7JeutIjM4H2PK8taoLlmc4,Jukebox 2023,129,user,Judith Heldens,,https://open.spotify.com/playlist/7JeutIjM4H2PK8taoLlmc4,0,All Summer Long,5rX6C5QVvvZB7XckETNych,https://p.scdn.co/mp3-preview/deba72d95a6ea3960f6353ca105d0f2ee7d04099?cid=0c571addac5347aa9932ddc72e415d79,2007-10-09,['nu metal'],78,0.7,0.864,-3.629,0.0283,0.0212,0.0,0.0956,0.887,102.997,7,1,297587,metal
35,7JeutIjM4H2PK8taoLlmc4,Jukebox 2023,129,user,Judith Heldens,,https://open.spotify.com/playlist/7JeutIjM4H2PK8taoLlmc4,0,Vienna,4U45aEWtQhrm8A5mxPaFZ7,https://p.scdn.co/mp3-preview/20063b69f912e042929de74af0b77271ec3376c5?cid=0c571addac5347aa9932ddc72e415d79,1977,"['album rock', 'classic rock', 'heartland rock', 'mellow gold', 'piano rock', 'rock', 'singer-songwriter', 'soft rock']",81,0.532,0.495,-6.662,0.0343,0.659,0.0,0.0754,0.308,124.936,10,1,214240,rock
36,7JeutIjM4H2PK8taoLlmc4,Jukebox 2023,129,user,Judith Heldens,,https://open.spotify.com/playlist/7JeutIjM4H2PK8taoLlmc4,0,Street Life,4CWUGKyUi4aJOq7tF6HAIF,https://p.scdn.co/mp3-preview/be22f577e6efeed6d2633bb2acc28aa84549396f?cid=0c571addac5347aa9932ddc72e415d79,1997-12-09,['smooth jazz'],61,0.658,0.756,-8.751,0.0456,0.0904,0.00747,0.188,0.811,107.415,10,0,256613,jazz
37,7JeutIjM4H2PK8taoLlmc4,Jukebox 2023,129,user,Judith Heldens,,https://open.spotify.com/playlist/7JeutIjM4H2PK8taoLlmc4,0,Your Song,5TUs6T93fNFvgQov6MlYkP,https://p.scdn.co/mp3-preview/07e13a946b9313a122629df3183fd387397f1a36?cid=0c571addac5347aa9932ddc72e415d79,1972-10-25,"['classic soul', 'disco', 'motown', 'philly soul', 'quiet storm', 'soul']",64,0.497,0.73,-8.514,0.0511,0.408,2.14e-06,0.0928,0.704,131.188,0,0,390987,soul
38,7JeutIjM4H2PK8taoLlmc4,Jukebox 2023,129,user,Judith Heldens,,https://open.spotify.com/playlist/7JeutIjM4H2PK8taoLlmc4,0,Quits,5XR4V6uo2NCLkke1DyOcPY,https://p.scdn.co/mp3-preview/a1c01d567484e6848036aec1535678fa3178912e?cid=0c571addac5347aa9932ddc72e415d79,2019-07-31,"['australian dance', 'australian electropop', 'australian indie', 'downtempo', 'edm', 'indietronica']",49,0.733,0.787,-2.192,0.32,0.229,0.0,0.169,0.514,73.463,2,1,152037,indie
39,7JeutIjM4H2PK8taoLlmc4,Jukebox 2023,129,user,Judith Heldens,,https://open.spotify.com/playlist/7JeutIjM4H2PK8taoLlmc4,0,Sintra,7BuejuVLLO4hQahhEj5RMm,https://p.scdn.co/mp3-preview/0df9c564a4f85478adc5b33b0f35d62e3f327ef3?cid=0c571addac5347aa9932ddc72e415d79,2012-11-09,"['australian dance', 'australian electropop', 'australian indie', 'downtempo', 'edm', 'indietronica']",36,0.676,0.543,-7.445,0.0772,0.00476,0.191,0.11,0.335,168.021,9,0,155316,indie
40,7JeutIjM4H2PK8taoLlmc4,Jukebox 2023,129,user,Judith Heldens,,https://open.spotify.com/playlist/7JeutIjM4H2PK8taoLlmc4,0,Best Thing I Never Had,3lBRNqXjPp2j3JMTCXDTNO,https://p.scdn.co/mp3-preview/53e77e774e00bf01be5be21d629fb06d00740766?cid=0c571addac5347aa9932ddc72e415d79,2011-06-24,"['pop', 'r&b']",71,0.546,0.649,-4.056,0.0324,0.143,1.55e-05,0.0894,0.298,99.05,6,1,253747,pop
41,7JeutIjM4H2PK8taoLlmc4,Jukebox 2023,129,user,Judith Heldens,,https://open.spotify.com/playlist/7JeutIjM4H2PK8taoLlmc4,0,Hedonism (Just Because You Feel Good) - Live,6BlRiETPtXh6N2iD29buKZ,https://p.scdn.co/mp3-preview/aa745955c29119fa2d4f520f00c4f9aaa28a4075?cid=0c571addac5347aa9932ddc72e415d79,2013-09-20,['british alternative rock'],16,0.454,0.472,-11.256,0.11,0.193,1.57e-05,0.968,0.185,167.423,3,1,242800,rock
42,7JeutIjM4H2PK8taoLlmc4,Jukebox 2023,129,user,Judith Heldens,,https://open.spotify.com/playlist/7JeutIjM4H2PK8taoLlmc4,0,Irreplaceable,6RX5iL93VZ5fKmyvNXvF1r,https://p.scdn.co/mp3-preview/766b3a0edabe112d2e7453431234ba9f61a8d44d?cid=0c571addac5347aa9932ddc72e415d79,2007-05-29,"['pop', 'r&b']",73,0.447,0.694,-4.637,0.382,0.0293,5.46e-06,0.167,0.509,175.868,7,0,227853,pop
43,7JeutIjM4H2PK8taoLlmc4,Jukebox 2023,129,user,Judith Heldens,,https://open.spotify.com/playlist/7JeutIjM4H2PK8taoLlmc4,0,Weak,08peUkRXVqOPjTalCjhr1g,https://p.scdn.co/mp3-preview/667b288de24888b9d17b94bd736aa637a45bca50?cid=0c571addac5347aa9932ddc72e415d79,1995,['british alternative rock'],57,0.32,0.744,-6.393,0.0489,0.0103,2.75e-06,0.257,0.507,188.768,4,0,211507,rock
44,7JeutIjM4H2PK8taoLlmc4,Jukebox 2023,129,user,Judith Heldens,,https://open.spotify.com/playlist/7JeutIjM4H2PK8taoLlmc4,0,go (feat. Sam Smith),0dkPo2Tvo0PhGJaUAvk4pC,,2022-06-06,['uk pop'],1,0.613,0.259,-9.558,0.0474,0.888,0.0,0.0837,0.444,90.104,6,0,215842,pop
45,7JeutIjM4H2PK8taoLlmc4,Jukebox 2023,129,user,Judith Heldens,,https://open.spotify.com/playlist/7JeutIjM4H2PK8taoLlmc4,0,Take a Chance (feat Little Dragon),44dFOGFKVgNrx6UilTRVfZ,https://p.scdn.co/mp3-preview/b4adf168a80a80f6ae685dd33e72797db2ac03b3?cid=0c571addac5347aa9932ddc72e415d79,2016-05-27,"['australian dance', 'australian electropop', 'australian indie', 'downtempo', 'edm', 'indietronica']",48,0.401,0.51,-6.284,0.0785,0.343,0.000225,0.151,0.348,139.888,11,1,328631,indie
46,7JeutIjM4H2PK8taoLlmc4,Jukebox 2023,129,user,Judith Heldens,,https://open.spotify.com/playlist/7JeutIjM4H2PK8taoLlmc4,0,abcdefu,4fouWK6XVHhzl78KzQ1UjL,https://p.scdn.co/mp3-preview/e13e3bf98cefdca448a1b31ee123a890be0e113c?cid=0c571addac5347aa9932ddc72e415d79,2021-08-13,['modern alternative pop'],84,0.695,0.54,-5.692,0.0493,0.299,0.0,0.367,0.415,121.932,4,1,168602,pop
47,7JeutIjM4H2PK8taoLlmc4,Jukebox 2023,129,user,Judith Heldens,,https://open.spotify.com/playlist/7JeutIjM4H2PK8taoLlmc4,0,Year 3000,0zjB7ewBWnMgQDMQpFzt92,https://p.scdn.co/mp3-preview/86364f0e24d8742f13ac5a54b8d5cdea3bf9d96f?cid=0c571addac5347aa9932ddc72e415d79,2002-01-01,"['boy band', 'talent show']",64,0.592,0.842,-6.681,0.0353,0.000219,0.0,0.0934,0.898,107.015,11,1,196200,uncategorized
48,7JeutIjM4H2PK8taoLlmc4,Jukebox 2023,129,user,Judith Heldens,,https://open.spotify.com/playlist/7JeutIjM4H2PK8taoLlmc4,0,Paradise,6nek1Nin9q48AVZcWs9e9D,https://p.scdn.co/mp3-preview/1039fd50eaca0a268a2378a6c9244bf85c8b961f?cid=0c571addac5347aa9932ddc72e415d79,2011-10-24,"['permanent wave', 'pop']",87,0.449,0.585,-6.761,0.0268,0.0509,8.75e-05,0.0833,0.212,139.631,5,1,278719,pop
49,7JeutIjM4H2PK8taoLlmc4,Jukebox 2023,129,user,Judith Heldens,,https://open.spotify.com/playlist/7JeutIjM4H2PK8taoLlmc4,0,Teenage Dirtbag,25FTMokYEbEWHEdss5JLZS,https://p.scdn.co/mp3-preview/c5fcaf1d5684a65cbb2ba343f19ccdc328721d54?cid=0c571addac5347aa9932ddc72e415d79,1999-02-15,[unknown],77,0.625,0.85,-3.904,0.0495,0.346,0.000233,0.174,0.633,94.661,4,1,241667,uncategorized
50,7JeutIjM4H2PK8taoLlmc4,Jukebox 2023,129,user,Judith Heldens,,https://open.spotify.com/playlist/7JeutIjM4H2PK8taoLlmc4,0,SNAP,0QPRDC97rIQB3Jh3hrVJoH,,2022-03-19,['alt z'],23,0.563,0.639,-8.205,0.0684,0.107,1.06e-05,0.446,0.518,169.985,0,1,179551,uncategorized
51,7JeutIjM4H2PK8taoLlmc4,Jukebox 2023,129,user,Judith Heldens,,https://open.spotify.com/playlist/7JeutIjM4H2PK8taoLlmc4,0,Yellow,3AJwUDP919kvQ9QcozQPxg,https://p.scdn.co/mp3-preview/c0d9119dc69cae75baf6463e21e43f433fdf5ff4?cid=0c571addac5347aa9932ddc72e415d79,2000-07-10,"['permanent wave', 'pop']",93,0.429,0.661,-7.227,0.0281,0.00239,0.000121,0.234,0.285,173.372,11,1,266773,pop
52,7JeutIjM4H2PK8taoLlmc4,Jukebox 2023,129,user,Judith Heldens,,https://open.spotify.com/playlist/7JeutIjM4H2PK8taoLlmc4,0,Come & Go (with Marshmello),2Y0wPrPQBrGhoLn14xRYCG,https://p.scdn.co/mp3-preview/56bf05555aca85738ac99236d8fd58a936c47e36?cid=0c571addac5347aa9932ddc72e415d79,2020-07-10,"['chicago rap', 'melodic rap', 'rap']",80,0.625,0.814,-5.181,0.0657,0.0172,0.0,0.158,0.535,144.991,0,1,205485,rap
53,7JeutIjM4H2PK8taoLlmc4,Jukebox 2023,129,user,Judith Heldens,,https://open.spotify.com/playlist/7JeutIjM4H2PK8taoLlmc4,0,Let You Down,52okn5MNA47tk87PeZJLEL,https://p.scdn.co/mp3-preview/dd439abd00ab96e51543967785d8a03ef83cac36?cid=0c571addac5347aa9932ddc72e415d79,2017-10-06,"['hip hop', 'pop rap']",83,0.662,0.714,-5.68,0.121,0.312,0.0,0.179,0.464,147.997,5,0,212120,pop
54,7JeutIjM4H2PK8taoLlmc4,Jukebox 2023,129,user,Judith Heldens,,https://open.spotify.com/playlist/7JeutIjM4H2PK8taoLlmc4,0,Lie,07FkzikE6FuHIa8Ma7zJGc,https://p.scdn.co/mp3-preview/b38fa349864c93629385e959891d8154aa3fadd9?cid=0c571addac5347aa9932ddc72e415d79,2017-10-06,"['hip hop', 'pop rap']",78,0.513,0.661,-6.419,0.24,0.161,0.0,0.246,0.179,94.791,5,1,209213,pop
55,7JeutIjM4H2PK8taoLlmc4,Jukebox 2023,129,user,Judith Heldens,,https://open.spotify.com/playlist/7JeutIjM4H2PK8taoLlmc4,0,Rushing Back,2zoNNEAyPK2OGDfajardlY,https://p.scdn.co/mp3-preview/86c526fd3f312890bc09cce499292b1ada4876c4?cid=0c571addac5347aa9932ddc72e415d79,2019-09-25,"['australian dance', 'australian electropop', 'australian indie', 'downtempo', 'edm', 'indietronica']",65,0.574,0.612,-4.741,0.0781,0.357,0.0,0.158,0.368,136.046,0,1,231663,indie
56,7JeutIjM4H2PK8taoLlmc4,Jukebox 2023,129,user,Judith Heldens,,https://open.spotify.com/playlist/7JeutIjM4H2PK8taoLlmc4,0,she's all i wanna be,0IuVhCflrQPMGRrOyoY5RW,https://p.scdn.co/mp3-preview/1b0b2a438ace5daf02ed49ffcac9561a98565818?cid=0c571addac5347aa9932ddc72e415d79,2022-02-04,"['alt z', 'pop']",74,0.614,0.644,-5.372,0.0426,0.0134,7.07e-06,0.117,0.651,160.036,2,0,206772,pop
57,7JeutIjM4H2PK8taoLlmc4,Jukebox 2023,129,user,Judith Heldens,,https://open.spotify.com/playlist/7JeutIjM4H2PK8taoLlmc4,0,die first,21szgNA72iLwvBxHQLgwBh,https://p.scdn.co/mp3-preview/1f8928e87d644097011d0c92150ee9fd49f9cf4b?cid=0c571addac5347aa9932ddc72e415d79,2022-06-24,['social media pop'],70,0.444,0.669,-6.727,0.125,0.0669,0.0,0.124,0.44,183.441,8,0,177109,pop
58,7JeutIjM4H2PK8taoLlmc4,Jukebox 2023,129,user,Judith Heldens,,https://open.spotify.com/playlist/7JeutIjM4H2PK8taoLlmc4,0,Beckyâ€™s So Hot,6ehrvwZ8JHaLahNRpDGlkD,https://p.scdn.co/mp3-preview/add2a9c7cb7e11bc8d54d77303f6e0132a3a2c88?cid=0c571addac5347aa9932ddc72e415d79,2022-07-20,"['alt z', 'pop']",56,0.518,0.729,-4.133,0.039,0.137,0.0,0.08,0.271,78.012,9,0,162760,pop
59,7JeutIjM4H2PK8taoLlmc4,Jukebox 2023,129,user,Judith Heldens,,https://open.spotify.com/playlist/7JeutIjM4H2PK8taoLlmc4,0,She Said,1UNWD6R5EOFklUHKZZvww2,https://p.scdn.co/mp3-preview/39dd34b662bf9c3442d0a223aa0b1e1aba7a44d1?cid=0c571addac5347aa9932ddc72e415d79,2021-06-11,"['alt z', 'pop']",53,0.649,0.758,-5.647,0.0581,0.0364,4.12e-05,0.36,0.737,120.001,10,0,167811,pop
60,7JeutIjM4H2PK8taoLlmc4,Jukebox 2023,129,user,Judith Heldens,,https://open.spotify.com/playlist/7JeutIjM4H2PK8taoLlmc4,0,The Search,2OKo7g3KfmCt3kyLvUAL0g,https://p.scdn.co/mp3-preview/c000440d4208ed69f0d8ba31f6fa469f13a90327?cid=0c571addac5347aa9932ddc72e415d79,2019-05-30,"['hip hop', 'pop rap']",73,0.789,0.786,-4.788,0.297,0.596,0.0,0.0997,0.39,119.957,2,1,248040,pop
61,7JeutIjM4H2PK8taoLlmc4,Jukebox 2023,129,user,Judith Heldens,,https://open.spotify.com/playlist/7JeutIjM4H2PK8taoLlmc4,0,Toxic,3M214U0mwSm041GsQR3nrO,https://p.scdn.co/mp3-preview/a8cedde7e8ae740c068bd8712fd07de49fd69840?cid=0c571addac5347aa9932ddc72e415d79,2022-05-06,['sad rap'],78,0.609,0.619,-5.677,0.311,0.749,0.0,0.264,0.689,179.71,11,1,168067,rap
62,7JeutIjM4H2PK8taoLlmc4,Jukebox 2023,129,user,Judith Heldens,,https://open.spotify.com/playlist/7JeutIjM4H2PK8taoLlmc4,0,Super Villain,6xLrQE0nqfpMfZoCQikxSL,https://p.scdn.co/mp3-preview/a018c67471b728272369870ff0a79b01fb910454?cid=0c571addac5347aa9932ddc72e415d79,2021-05-14,['dark r&b'],68,0.489,0.834,-4.356,0.0792,0.11,0.0,0.35,0.389,79.915,7,0,147000,r&b
63,7JeutIjM4H2PK8taoLlmc4,Jukebox 2023,129,user,Judith Heldens,,https://open.spotify.com/playlist/7JeutIjM4H2PK8taoLlmc4,0,LAYERS,7ipUYshiPzzUs9EdeOsBFO,https://p.scdn.co/mp3-preview/cabc33a0b8c1f0a5d1053e29ff24d36ecb6cc940?cid=0c571addac5347aa9932ddc72e415d79,2021-03-26,"['hip hop', 'pop rap']",62,0.659,0.689,-5.129,0.449,0.213,0.0,0.0791,0.61,124.934,11,0,195226,pop
64,7JeutIjM4H2PK8taoLlmc4,Jukebox 2023,129,user,Judith Heldens,,https://open.spotify.com/playlist/7JeutIjM4H2PK8taoLlmc4,0,Mockingbird,561jH07mF1jHuk7KlaeF0s,https://p.scdn.co/mp3-preview/43887419c9301358d28b7d487dfeb078f9668a6a?cid=0c571addac5347aa9932ddc72e415d79,2004-11-12,"['detroit hip hop', 'hip hop', 'rap']",91,0.637,0.678,-3.798,0.266,0.209,0.0,0.156,0.254,84.039,0,1,250760,rap
65,7JeutIjM4H2PK8taoLlmc4,Jukebox 2023,129,user,Judith Heldens,,https://open.spotify.com/playlist/7JeutIjM4H2PK8taoLlmc4,0,Violent Crimes,3s7MCdXyWmwjdcWh7GWXas,https://p.scdn.co/mp3-preview/46bee66e9e81c3a3784069ba2fd9d2d24772760b?cid=0c571addac5347aa9932ddc72e415d79,2018-06-01,"['chicago rap', 'hip hop', 'rap']",83,0.669,0.419,-6.724,0.522,0.376,0.0,0.187,0.0397,109.813,1,0,215320,rap
66,7JeutIjM4H2PK8taoLlmc4,Jukebox 2023,129,user,Judith Heldens,,https://open.spotify.com/playlist/7JeutIjM4H2PK8taoLlmc4,0,About Damn Time,6HMtHNpW6YPi1hrw9tgF8P,https://p.scdn.co/mp3-preview/eccfdcaa8806d35934078840b549adc92f01fbff?cid=0c571addac5347aa9932ddc72e415d79,2022-07-15,"['escape room', 'minnesota hip hop', 'pop', 'trap queen']",81,0.836,0.743,-6.305,0.0653,0.0974,0.0,0.335,0.723,108.965,10,0,191938,pop
67,7JeutIjM4H2PK8taoLlmc4,Jukebox 2023,129,user,Judith Heldens,,https://open.spotify.com/playlist/7JeutIjM4H2PK8taoLlmc4,0,Wet Dreamz,4tqcoej1zPvwePZCzuAjJd,https://p.scdn.co/mp3-preview/3629ac0eb45bda9b83e86c415e46b12de5e55d3d?cid=0c571addac5347aa9932ddc72e415d79,2014-12-09,"['conscious hip hop', 'hip hop', 'north carolina hip hop', 'rap']",86,0.495,0.722,-8.108,0.357,0.0697,0.0,0.113,0.539,175.627,6,0,239267,rap
68,7JeutIjM4H2PK8taoLlmc4,Jukebox 2023,129,user,Judith Heldens,,https://open.spotify.com/playlist/7JeutIjM4H2PK8taoLlmc4,0,No Role Modelz,68Dni7IE4VyPkTOH9mRWHr,https://p.scdn.co/mp3-preview/062b69c85ad8361d6d7e484aa798b3596d174306?cid=0c571addac5347aa9932ddc72e415d79,2014-12-09,"['conscious hip hop', 'hip hop', 'north carolina hip hop', 'rap']",91,0.69,0.521,-8.492,0.339,0.324,0.0,0.0534,0.494,100.028,10,0,292799,rap
69,7JeutIjM4H2PK8taoLlmc4,Jukebox 2023,129,user,Judith Heldens,,https://open.spotify.com/playlist/7JeutIjM4H2PK8taoLlmc4,0,Homecoming,4iz9lGMjU1lXS51oPmUmTe,https://p.scdn.co/mp3-preview/a7f9626c0fc7e67ef2bdc3ca1655cdfe723878c0?cid=0c571addac5347aa9932ddc72e415d79,2007-09-11,"['chicago rap', 'hip hop', 'rap']",83,0.667,0.747,-7.059,0.189,0.337,0.0,0.115,0.918,86.917,1,1,203493,rap
70,7JeutIjM4H2PK8taoLlmc4,Jukebox 2023,129,user,Judith Heldens,,https://open.spotify.com/playlist/7JeutIjM4H2PK8taoLlmc4,0,Stuck In The Middle,44TzvSZLIkM7Y7MEnrvkIl,https://p.scdn.co/mp3-preview/3df394aefd0063b5ac842c13dae9fad7bfba66f6?cid=0c571addac5347aa9932ddc72e415d79,2021-05-20,"['modern indie pop', 'singer-songwriter pop']",64,0.862,0.564,-6.566,0.0425,0.278,0.0,0.0935,0.836,119.952,2,1,196133,pop
71,7JeutIjM4H2PK8taoLlmc4,Jukebox 2023,129,user,Judith Heldens,,https://open.spotify.com/playlist/7JeutIjM4H2PK8taoLlmc4,0,The Middle,09IStsImFySgyp0pIQdqAc,https://p.scdn.co/mp3-preview/db8102ea01ab5e48d0b01214e408b6ba6db50442?cid=0c571addac5347aa9932ddc72e415d79,2018-01-23,"['complextro', 'edm', 'german techno', 'pop', 'pop dance']",82,0.753,0.657,-3.061,0.0449,0.171,0.0,0.112,0.437,107.01,7,1,184732,pop
72,7JeutIjM4H2PK8taoLlmc4,Jukebox 2023,129,user,Judith Heldens,,https://open.spotify.com/playlist/7JeutIjM4H2PK8taoLlmc4,0,Time,6MxMqCgqmekcr0VwSU7AVH,https://p.scdn.co/mp3-preview/2b89cad01e622ee2118028981f9d94f6a82efc5c?cid=0c571addac5347aa9932ddc72e415d79,2019-07-26,"['hip hop', 'pop rap']",73,0.677,0.688,-4.058,0.0633,0.138,0.0,0.114,0.198,98.049,0,0,240429,pop
73,7JeutIjM4H2PK8taoLlmc4,Jukebox 2023,129,user,Judith Heldens,,https://open.spotify.com/playlist/7JeutIjM4H2PK8taoLlmc4,0,'k Voel me goed,7fTyo4QoFlRvGlyU4WtRm6,https://p.scdn.co/mp3-preview/4ef743a1bdbc524a4a7573abb20e583179fbdb87?cid=0c571addac5347aa9932ddc72e415d79,2008-01-07,"['belgian rock', 'belgian singer-songwriter', 'classic belgian pop', 'kleinkunst']",20,0.716,0.628,-12.738,0.0537,0.785,0.0542,0.309,0.958,102.571,10,1,228733,pop
74,7JeutIjM4H2PK8taoLlmc4,Jukebox 2023,129,user,Judith Heldens,,https://open.spotify.com/playlist/7JeutIjM4H2PK8taoLlmc4,0,The Difference,4nlvKIIetOWGIMyhjQXgOZ,https://p.scdn.co/mp3-preview/dd10663fee1c96f0f63f3f44fc7b8a0d94f7a913?cid=0c571addac5347aa9932ddc72e415d79,2020-03-11,"['australian dance', 'australian electropop', 'australian indie', 'downtempo', 'edm', 'indietronica']",73,0.56,0.865,-1.148,0.0909,0.255,0.000153,0.083,0.424,159.96,1,1,139663,indie
75,7JeutIjM4H2PK8taoLlmc4,Jukebox 2023,129,user,Judith Heldens,,https://open.spotify.com/playlist/7JeutIjM4H2PK8taoLlmc4,0,Hell N Back,3NRql0A1Ef4RCvT473iqgD,https://p.scdn.co/mp3-preview/16f7a5ee995c64abdfe74578a0abf6e37c5129ee?cid=0c571addac5347aa9932ddc72e415d79,2019-08-15,['uk alternative hip hop'],84,0.584,0.684,-4.314,0.567,0.312,9.05e-05,0.112,0.72,210.164,10,0,213573,alternative
76,7JeutIjM4H2PK8taoLlmc4,Jukebox 2023,129,user,Judith Heldens,,https://open.spotify.com/playlist/7JeutIjM4H2PK8taoLlmc4,0,idontwannabeyouanymore,41zXlQxzTi6cGAjpOXyLYH,https://p.scdn.co/mp3-preview/d0f7b9fcc09bc955a14726e862a19716ddb8d526?cid=0c571addac5347aa9932ddc72e415d79,2017-12-22,"['art pop', 'electropop', 'pop']",82,0.483,0.412,-8.461,0.0402,0.737,0.0,0.116,0.247,170.163,7,1,203569,pop
77,7JeutIjM4H2PK8taoLlmc4,Jukebox 2023,129,user,Judith Heldens,,https://open.spotify.com/playlist/7JeutIjM4H2PK8taoLlmc4,0,bellyache,1ni8ZTAY1GHXEFOGHl7fdg,https://p.scdn.co/mp3-preview/736a6aaefaac066fa4fb585786d211b604d81065?cid=0c571addac5347aa9932ddc72e415d79,2017-12-22,"['art pop', 'electropop', 'pop']",70,0.695,0.573,-8.597,0.106,0.46,0.0734,0.482,0.408,99.939,4,0,179172,pop
78,7JeutIjM4H2PK8taoLlmc4,Jukebox 2023,129,user,Judith Heldens,,https://open.spotify.com/playlist/7JeutIjM4H2PK8taoLlmc4,0,Little Freak,3i058E8uxTsYqJ5NWZzqSj,https://p.scdn.co/mp3-preview/38dfa398e1e1a99d3f4fc998bd1e6bdbaf97ed64?cid=0c571addac5347aa9932ddc72e415d79,2022-05-20,['pop'],82,0.559,0.535,-7.723,0.039,0.719,0.000143,0.0954,0.402,141.96,3,1,202183,pop
79,7JeutIjM4H2PK8taoLlmc4,Jukebox 2023,129,user,Judith Heldens,,https://open.spotify.com/playlist/7JeutIjM4H2PK8taoLlmc4,0,Lean on Me,3M8FzayQWtkvOhqMn2V4T2,https://p.scdn.co/mp3-preview/bee37f8b352a6faa19b294678f94b0bd93eba051?cid=0c571addac5347aa9932ddc72e415d79,1972-05-01,"['funk', 'quiet storm', 'soul']",74,0.619,0.22,-13.843,0.0672,0.782,1.19e-05,0.124,0.426,75.143,0,1,258835,funk
80,7JeutIjM4H2PK8taoLlmc4,Jukebox 2023,129,user,Judith Heldens,,https://open.spotify.com/playlist/7JeutIjM4H2PK8taoLlmc4,0,IJskoud,2zVNIG9cfMyFxt8XqJ64s4,https://p.scdn.co/mp3-preview/c257872ad5af727e9430fc6e69385395e65977d1?cid=0c571addac5347aa9932ddc72e415d79,2018-10-12,"['dutch pop', 'dutch rock']",56,0.668,0.73,-6.573,0.0476,0.0434,0.0109,0.368,0.146,98.024,7,1,210201,pop
81,7JeutIjM4H2PK8taoLlmc4,Jukebox 2023,129,user,Judith Heldens,,https://open.spotify.com/playlist/7JeutIjM4H2PK8taoLlmc4,0,Rise,63nkNgHkmfgjElTEnCzKYU,https://p.scdn.co/mp3-preview/b5970d1b1f4fc00bb0bf16895de188ba97ee3917?cid=0c571addac5347aa9932ddc72e415d79,2001-01-01,"['british soul', 'europop', 'new wave pop']",60,0.558,0.481,-9.487,0.026,0.315,8.83e-06,0.09,0.631,144.673,8,1,219093,pop
82,7JeutIjM4H2PK8taoLlmc4,Jukebox 2023,129,user,Judith Heldens,,https://open.spotify.com/playlist/7JeutIjM4H2PK8taoLlmc4,0,She's Casual,77KMqmYgnKSDkGvj7qdhaZ,https://p.scdn.co/mp3-preview/dd6c7df553a80c1ccfd3dbfcf568a4a7da9c2a10?cid=0c571addac5347aa9932ddc72e415d79,2016-08-26,['modern alternative rock'],62,0.435,0.588,-6.968,0.0572,0.0127,0.0,0.101,0.101,129.962,2,1,183760,rock
83,7JeutIjM4H2PK8taoLlmc4,Jukebox 2023,129,user,Judith Heldens,,https://open.spotify.com/playlist/7JeutIjM4H2PK8taoLlmc4,0,Love$ick (feat. A$AP Rocky),3sTN90bIP2cJ1783ctHykO,https://p.scdn.co/mp3-preview/8521d3552b55462e09aecaf8f45e8d907d9bb1b7?cid=0c571addac5347aa9932ddc72e415d79,2017-07-14,"['channel islands indie', 'hyperpop', 'indie soul', 'vapor soul']",76,0.625,0.763,-4.997,0.129,0.147,0.0106,0.214,0.721,88.753,8,0,192160,indie
84,7JeutIjM4H2PK8taoLlmc4,Jukebox 2023,129,user,Judith Heldens,,https://open.spotify.com/playlist/7JeutIjM4H2PK8taoLlmc4,0,Reasons,4kPV7Tx30Ph0tQ4XrhgYCh,https://p.scdn.co/mp3-preview/462dd40948b4ab118252b63ed2ee22304cb4da04?cid=0c571addac5347aa9932ddc72e415d79,2021-01-22,"['alt z', 'gen z singer-songwriter', 'uk pop']",54,0.403,0.539,-9.997,0.339,0.509,0.0,0.103,0.101,178.24,6,1,162062,pop
85,7JeutIjM4H2PK8taoLlmc4,Jukebox 2023,129,user,Judith Heldens,,https://open.spotify.com/playlist/7JeutIjM4H2PK8taoLlmc4,0,This Ain't a Love Song,0XXyGdcVEHZ6CnmAlNsqKl,https://p.scdn.co/mp3-preview/7c375bbc92ae5cda931d1d7fe093f4de169604b1?cid=0c571addac5347aa9932ddc72e415d79,2010-06-23,['talent show'],61,0.461,0.915,-3.581,0.0456,0.000413,0.0,0.415,0.526,176.701,0,1,210680,uncategorized
86,7JeutIjM4H2PK8taoLlmc4,Jukebox 2023,129,user,Judith Heldens,,https://open.spotify.com/playlist/7JeutIjM4H2PK8taoLlmc4,0,Mr. Brightside,003vvx7Niy0yvhvHt4a68B,https://p.scdn.co/mp3-preview/848b1bd5544e82f62f9cfcec65362d0f5369781f?cid=0c571addac5347aa9932ddc72e415d79,2004,"['alternative rock', 'dance rock', 'modern rock', 'permanent wave', 'rock']",88,0.352,0.911,-5.23,0.0747,0.00121,0.0,0.0995,0.236,148.033,1,1,222973,rock
87,7JeutIjM4H2PK8taoLlmc4,Jukebox 2023,129,user,Judith Heldens,,https://open.spotify.com/playlist/7JeutIjM4H2PK8taoLlmc4,0,Good Without,0xqHkO5570zlGpLpCnd4MG,https://p.scdn.co/mp3-preview/202fe0335db771372b260886b69cdc44309186bb?cid=0c571addac5347aa9932ddc72e415d79,2021-10-22,"['alt z', 'gen z singer-songwriter', 'uk pop']",66,0.548,0.61,-4.888,0.0965,0.0754,0.0,0.203,0.317,89.836,11,0,182857,pop
88,7JeutIjM4H2PK8taoLlmc4,Jukebox 2023,129,user,Judith Heldens,,https://open.spotify.com/playlist/7JeutIjM4H2PK8taoLlmc4,0,Drive By,0KAiuUOrLTIkzkpfpn9jb9,https://p.scdn.co/mp3-preview/04a4331f6e25d0bd2c6de9c1202ad719f24b1cef?cid=0c571addac5347aa9932ddc72e415d79,2012-04-17,"['dance pop', 'neo mellow', 'pop', 'pop rock']",81,0.765,0.837,-3.113,0.032,0.00107,1.06e-05,0.0801,0.721,122.028,1,0,195973,pop
89,7JeutIjM4H2PK8taoLlmc4,Jukebox 2023,129,user,Judith Heldens,,https://open.spotify.com/playlist/7JeutIjM4H2PK8taoLlmc4,0,Good Grief,6IGA5YrFiEr5ANrMqKkR6H,https://p.scdn.co/mp3-preview/4818c7d14613e5d9ec5b6299d7f3c825d8879af6?cid=0c571addac5347aa9932ddc72e415d79,2016-09-09,"['metropopolis', 'modern rock', 'pop']",70,0.73,0.758,-4.888,0.0653,0.147,0.0,0.311,0.877,120.041,1,1,206493,pop
90,7JeutIjM4H2PK8taoLlmc4,Jukebox 2023,129,user,Judith Heldens,,https://open.spotify.com/playlist/7JeutIjM4H2PK8taoLlmc4,0,Remind Me,6VIYEyjNW71NnIGEduf8D8,https://p.scdn.co/mp3-preview/e0828174946e9ac942b63eff5a9f693eed551837?cid=0c571addac5347aa9932ddc72e415d79,2022-03-18,['uk pop'],68,0.599,0.831,-4.188,0.0439,0.0603,0.0,0.204,0.624,132.019,11,1,211167,pop
91,7JeutIjM4H2PK8taoLlmc4,Jukebox 2023,129,user,Judith Heldens,,https://open.spotify.com/playlist/7JeutIjM4H2PK8taoLlmc4,0,Little Talks,2ihCaVdNZmnHZWt0fvAM7B,https://p.scdn.co/mp3-preview/a5dad05d521739606a83da0f00d3dc48344c6d77?cid=0c571addac5347aa9932ddc72e415d79,2012-01-01,"['folk-pop', 'metropopolis', 'modern rock', 'stomp and holler']",82,0.457,0.757,-5.177,0.032,0.0206,0.0,0.146,0.417,102.961,1,1,266600,pop
92,7JeutIjM4H2PK8taoLlmc4,Jukebox 2023,129,user,Judith Heldens,,https://open.spotify.com/playlist/7JeutIjM4H2PK8taoLlmc4,0,Remember (with David Guetta),6feiJqgHqeSvkGUzf11AYs,https://p.scdn.co/mp3-preview/0e98e751ec9f93fc05402039c7cae4eb8ef6b3c5?cid=0c571addac5347aa9932ddc72e415d79,2021-08-27,"['pop dance', 'pop house', 'uk dance', 'uk pop']",73,0.626,0.864,-3.12,0.0378,0.0682,0.0,0.087,0.555,123.833,8,1,161387,pop
93,7JeutIjM4H2PK8taoLlmc4,Jukebox 2023,129,user,Judith Heldens,,https://open.spotify.com/playlist/7JeutIjM4H2PK8taoLlmc4,0,What If I Go? (feat. Bonzai),2tHfNQnj50VoMZga2rpfdA,https://p.scdn.co/mp3-preview/3c3fa425b85e356654b45611ed3e964ab14d1eee?cid=0c571addac5347aa9932ddc72e415d79,2017-07-14,"['channel islands indie', 'hyperpop', 'indie soul', 'vapor soul']",59,0.56,0.533,-7.804,0.388,0.194,1.4e-05,0.0919,0.908,200.066,7,1,195467,indie
94,7JeutIjM4H2PK8taoLlmc4,Jukebox 2023,129,user,Judith Heldens,,https://open.spotify.com/playlist/7JeutIjM4H2PK8taoLlmc4,0,Alive,1L94M3KIu7QluZe63g64rv,https://p.scdn.co/mp3-preview/95c625d5a50dd249d5c58aebe4baf8b6e4efa09e?cid=0c571addac5347aa9932ddc72e415d79,1991-08-27,"['alternative metal', 'alternative rock', 'classic rock', 'grunge', 'permanent wave', 'rock']",78,0.284,0.875,-6.069,0.0422,0.00752,0.000461,0.402,0.595,75.009,11,0,340907,rock
95,7JeutIjM4H2PK8taoLlmc4,Jukebox 2023,129,user,Judith Heldens,,https://open.spotify.com/playlist/7JeutIjM4H2PK8taoLlmc4,0,About You Now,1ctdfJSzp6qF2iDAVdDrfl,https://p.scdn.co/mp3-preview/8a453489af651d93afa3e243df0d34b3798dff39?cid=0c571addac5347aa9932ddc72e415d79,2007-01-01,"['dance pop', 'europop', 'girl group', 'talent show']",66,0.584,0.699,-6.065,0.0378,6.52e-05,6.05e-05,0.486,0.585,82.499,1,0,212400,pop
96,7JeutIjM4H2PK8taoLlmc4,Jukebox 2023,129,user,Judith Heldens,,https://open.spotify.com/playlist/7JeutIjM4H2PK8taoLlmc4,0,Very Few Friends,2L0PRavRIQIjVcZK4Qgfgi,,2022-11-07,['palestinian hip hop'],26,0.777,0.469,-8.344,0.163,0.162,0.00239,0.108,0.557,136.05,6,0,132500,uncategorized
97,7JeutIjM4H2PK8taoLlmc4,Jukebox 2023,129,user,Judith Heldens,,https://open.spotify.com/playlist/7JeutIjM4H2PK8taoLlmc4,0,Passive Aggressive,7yg0eWIj0VGxJXEZJryjXP,https://p.scdn.co/mp3-preview/3a6f098810ff3441d1279523e14b699c3205269d?cid=0c571addac5347aa9932ddc72e415d79,2022-07-15,[unknown],53,0.864,0.556,-7.323,0.0618,0.508,0.0,0.193,0.598,133.096,5,0,108069,uncategorized
98,7JeutIjM4H2PK8taoLlmc4,Jukebox 2023,129,user,Judith Heldens,,https://open.spotify.com/playlist/7JeutIjM4H2PK8taoLlmc4,0,Come Alive,31iW5Yzn4Z39NvSD5csT2s,https://p.scdn.co/mp3-preview/031fff4c41fb85843d6cfafeee06ceb010e448e3?cid=0c571addac5347aa9932ddc72e415d79,2012-06-25,"['belgian edm', 'dancefloor dnb', 'drum and bass']",49,0.455,0.863,-3.259,0.116,0.000524,0.274,0.171,0.344,172.995,9,0,250061,uncategorized
99,7JeutIjM4H2PK8taoLlmc4,Jukebox 2023,129,user,Judith Heldens,,https://open.spotify.com/playlist/7JeutIjM4H2PK8taoLlmc4,0,Coming Back (feat. SZA),2pSsHnjAgEPjHmet7ChlHQ,https://p.scdn.co/mp3-preview/e3e64fb40503ab2d7a73961ac86542e27cfa95ac?cid=0c571addac5347aa9932ddc72e415d79,2021-10-08,"['art pop', 'indie soul', 'indietronica', 'neo soul', 'uk alternative pop']",65,0.653,0.496,-7.262,0.0868,0.625,0.274,0.151,0.102,86.013,10,0,195905,pop
100,7JeutIjM4H2PK8taoLlmc4,Jukebox 2023,129,user,Judith Heldens,,https://open.spotify.com/playlist/7JeutIjM4H2PK8taoLlmc4,0,Vossi Bop,5DXKtoZLm31msT7tNGNHLG,https://p.scdn.co/mp3-preview/5c8917f1c82625038a23829b6110b85dd72729d3?cid=0c571addac5347aa9932ddc72e415d79,2019-12-13,"['grime', 'uk hip hop']",70,0.682,0.653,-6.062,0.339,0.13,0.00116,0.129,0.428,188.115,8,1,196267,uncategorized
101,7JeutIjM4H2PK8taoLlmc4,Jukebox 2023,129,user,Judith Heldens,,https://open.spotify.com/playlist/7JeutIjM4H2PK8taoLlmc4,0,Lose You To Love Me,4l0Mvzj72xxOpRrp6h8nHi,https://p.scdn.co/mp3-preview/49b7dbbb7d6d873d96723d26b3b03c28c19bb76c?cid=0c571addac5347aa9932ddc72e415d79,2020-01-10,"['pop', 'post-teen pop']",83,0.488,0.343,-8.985,0.0436,0.556,0.0,0.21,0.0978,102.819,4,1,206459,pop
102,7JeutIjM4H2PK8taoLlmc4,Jukebox 2023,129,user,Judith Heldens,,https://open.spotify.com/playlist/7JeutIjM4H2PK8taoLlmc4,0,Loose Ends,6dEe0H4vjEyy2ukczkB25o,https://p.scdn.co/mp3-preview/0e137f833b99d8efb1066509c7a623005867d298?cid=0c571addac5347aa9932ddc72e415d79,2019-04-19,"['indie soul', 'london rap']",61,0.79,0.675,-6.952,0.319,0.166,1.36e-05,0.103,0.363,90.961,11,0,256198,rap
103,7JeutIjM4H2PK8taoLlmc4,Jukebox 2023,129,user,Judith Heldens,,https://open.spotify.com/playlist/7JeutIjM4H2PK8taoLlmc4,0,golden hour,4yNk9iz9WVJikRFle3XEvn,https://p.scdn.co/mp3-preview/bcc17f30841d6fbf3cd7954c3e3cf669f11b6a21?cid=0c571addac5347aa9932ddc72e415d79,2022-10-03,"['modern indie pop', 'pov: indie', 'singer-songwriter pop']",85,0.515,0.593,-4.801,0.0322,0.653,0.162,0.25,0.153,94.467,4,1,209260,pop
104,7JeutIjM4H2PK8taoLlmc4,Jukebox 2023,129,user,Judith Heldens,,https://open.spotify.com/playlist/7JeutIjM4H2PK8taoLlmc4,0,Escapism.,5WxVXxCMRnvxUKFq40ELwq,,2022-11-25,"['uk contemporary r&b', 'uk pop']",39,0.538,0.742,-5.355,0.114,0.138,4.67e-05,0.0934,0.25,96.107,2,1,272373,pop
105,7JeutIjM4H2PK8taoLlmc4,Jukebox 2023,129,user,Judith Heldens,,https://open.spotify.com/playlist/7JeutIjM4H2PK8taoLlmc4,0,Fed Up,0mhzsfx2gEMlszBu4h0vjk,,2022-08-31,[unknown],37,0.683,0.51,-11.079,0.234,0.0721,0.0,0.121,0.132,175.972,2,1,152790,uncategorized
106,7JeutIjM4H2PK8taoLlmc4,Jukebox 2023,129,user,Judith Heldens,,https://open.spotify.com/playlist/7JeutIjM4H2PK8taoLlmc4,0,We Kunnen Het Leven Aan,2X3tB9yISaQw2z8ABmp00m,https://p.scdn.co/mp3-preview/563fbe296095296297b660015e526f8074c81729?cid=0c571addac5347aa9932ddc72e415d79,2003-01-01,['vlaamse kinderliedje'],38,0.594,0.886,-6.193,0.0434,0.0933,4.75e-06,0.0984,0.402,149.99,7,1,238000,uncategorized
107,7JeutIjM4H2PK8taoLlmc4,Jukebox 2023,129,user,Judith Heldens,,https://open.spotify.com/playlist/7JeutIjM4H2PK8taoLlmc4,0,Spring,6cTjKfM4NegA6MYQLnlUDA,https://p.scdn.co/mp3-preview/45248e53585becf7b4e1f887691322c0673c679f?cid=0c571addac5347aa9932ddc72e415d79,2003-01-01,['vlaamse kinderliedje'],44,0.559,0.928,-6.69,0.0533,0.00084,2.71e-05,0.285,0.646,136.0,9,1,192747,uncategorized
108,7JeutIjM4H2PK8taoLlmc4,Jukebox 2023,129,user,Judith Heldens,,https://open.spotify.com/playlist/7JeutIjM4H2PK8taoLlmc4,0,Happier Than Ever,4RVwu0g32PAqgUiJoXsdF8,https://p.scdn.co/mp3-preview/667e62a782667b01e98006cd3ba42c9852b62bea?cid=0c571addac5347aa9932ddc72e415d79,2021-07-30,"['art pop', 'electropop', 'pop']",88,0.332,0.225,-8.697,0.0348,0.767,0.00349,0.128,0.297,81.055,0,1,298899,pop
109,7JeutIjM4H2PK8taoLlmc4,Jukebox 2023,129,user,Judith Heldens,,https://open.spotify.com/playlist/7JeutIjM4H2PK8taoLlmc4,0,Dumb Love,2Ms8MDDtYBw7M3K5F3EqPX,https://p.scdn.co/mp3-preview/f8d6c5702443f5b0e2a19924254ff3df591a1da7?cid=0c571addac5347aa9932ddc72e415d79,2021-06-11,"['alt z', 'gen z singer-songwriter', 'uk pop']",63,0.569,0.422,-5.856,0.0302,0.0296,0.0,0.0613,0.175,76.96,0,1,207068,pop
110,7JeutIjM4H2PK8taoLlmc4,Jukebox 2023,129,user,Judith Heldens,,https://open.spotify.com/playlist/7JeutIjM4H2PK8taoLlmc4,0,Kill Bill,3OHfY25tqY28d16oZczHc8,https://p.scdn.co/mp3-preview/49dfe4ea78c5d3c5d2923d4a34c50fc4709855cb?cid=0c571addac5347aa9932ddc72e415d79,2022-12-09,"['pop', 'r&b', 'rap']",90,0.644,0.728,-5.75,0.0351,0.0543,0.169,0.161,0.43,88.993,8,1,153947,pop
111,7JeutIjM4H2PK8taoLlmc4,Jukebox 2023,129,user,Judith Heldens,,https://open.spotify.com/playlist/7JeutIjM4H2PK8taoLlmc4,0,Afterglow,6LW3Z1GqbL78TIjfDyg4zp,https://p.scdn.co/mp3-preview/37624671fb26ceec2113ea5b73fa9a1e16d2139a?cid=0c571addac5347aa9932ddc72e415d79,2013-01-01,"['dancefloor dnb', 'drum and bass', 'uk dance']",72,0.516,0.915,-2.498,0.0562,0.0228,0.000789,0.125,0.0398,174.032,7,1,225172,uncategorized
112,7JeutIjM4H2PK8taoLlmc4,Jukebox 2023,129,user,Judith Heldens,,https://open.spotify.com/playlist/7JeutIjM4H2PK8taoLlmc4,0,24/5,1A6gT680oQr98VtDkNzys7,https://p.scdn.co/mp3-preview/14810f34dd18703f09cbe8b59cd3e70129f5575e?cid=0c571addac5347aa9932ddc72e415d79,2021-09-10,"['alt z', 'gen z singer-songwriter', 'uk pop']",55,0.559,0.763,-4.16,0.105,0.403,0.0,0.127,0.349,91.069,0,1,158221,pop
113,7JeutIjM4H2PK8taoLlmc4,Jukebox 2023,129,user,Judith Heldens,,https://open.spotify.com/playlist/7JeutIjM4H2PK8taoLlmc4,0,Nobody Gets Me,5Y35SjAfXjjG0sFQ3KOxmm,https://p.scdn.co/mp3-preview/36cfe8fbfb78aa38ca3b222c4b9fc88cda992841?cid=0c571addac5347aa9932ddc72e415d79,2022-12-09,"['pop', 'r&b', 'rap']",86,0.358,0.284,-8.285,0.0285,0.805,0.0,0.183,0.276,99.796,7,1,180853,pop
114,7JeutIjM4H2PK8taoLlmc4,Jukebox 2023,129,user,Judith Heldens,,https://open.spotify.com/playlist/7JeutIjM4H2PK8taoLlmc4,0,We've Got It,5OsD1162Z2D47dWuAYAK49,https://p.scdn.co/mp3-preview/1e5a294201b1ad4cfc1b411b5d6d0c3c5a7c9ad8?cid=0c571addac5347aa9932ddc72e415d79,2023-02-21,[unknown],7,0.408,0.161,-10.569,0.0367,0.944,0.0,0.14,0.172,76.498,7,0,248000,uncategorized
115,7JeutIjM4H2PK8taoLlmc4,Jukebox 2023,129,user,Judith Heldens,,https://open.spotify.com/playlist/7JeutIjM4H2PK8taoLlmc4,0,Sorry,0lnIJmgcUpEpe4AZACjayW,https://p.scdn.co/mp3-preview/a6a0420394d426f9c33aaf6c058fff16c9c2634d?cid=0c571addac5347aa9932ddc72e415d79,2016-04-23,"['pop', 'r&b']",69,0.775,0.598,-7.274,0.0535,0.00175,4.44e-06,0.253,0.356,129.988,2,1,232560,pop
116,7JeutIjM4H2PK8taoLlmc4,Jukebox 2023,129,user,Judith Heldens,,https://open.spotify.com/playlist/7JeutIjM4H2PK8taoLlmc4,0,Small Worlds,4gT3mNJA8lnlkYFqGZ8IA2,https://p.scdn.co/mp3-preview/0612dc80c154b3dcaeca0a1d41a54d1ef1dc5056?cid=0c571addac5347aa9932ddc72e415d79,2018-08-03,"['hip hop', 'pittsburgh rap', 'pop rap', 'rap']",81,0.516,0.546,-9.105,0.249,0.814,4.5e-06,0.0995,0.515,78.267,5,1,271733,rap
117,7JeutIjM4H2PK8taoLlmc4,Jukebox 2023,129,user,Judith Heldens,,https://open.spotify.com/playlist/7JeutIjM4H2PK8taoLlmc4,0,In the End,60a0Rd6pjrkxjPbaKzXjfq,https://p.scdn.co/mp3-preview/b5ee275ca337899f762b1c1883c11e24a04075b0?cid=0c571addac5347aa9932ddc72e415d79,2000-10-24,"['alternative metal', 'nu metal', 'post-grunge', 'rap metal', 'rock']",88,0.556,0.864,-5.87,0.0584,0.00958,0.0,0.209,0.4,105.143,3,0,216880,metal
118,7JeutIjM4H2PK8taoLlmc4,Jukebox 2023,129,user,Judith Heldens,,https://open.spotify.com/playlist/7JeutIjM4H2PK8taoLlmc4,0,How You Remind Me,0gmbgwZ8iqyMPmXefof8Yf,https://p.scdn.co/mp3-preview/94fd201045f5b682935957a8206075638dc4622d?cid=0c571addac5347aa9932ddc72e415d79,2001-09-11,"['alternative metal', 'canadian rock', 'post-grunge']",83,0.446,0.764,-5.042,0.033,0.00135,0.0,0.099,0.543,172.094,10,1,223840,rock
119,7JeutIjM4H2PK8taoLlmc4,Jukebox 2023,129,user,Judith Heldens,,https://open.spotify.com/playlist/7JeutIjM4H2PK8taoLlmc4,0,Friendly Sex,0UIaM3C7aw2ao6ZDatzEir,https://p.scdn.co/mp3-preview/6a1e48475c5f7f410ecbff31346077c733f1d88b?cid=0c571addac5347aa9932ddc72e415d79,2022-03-25,['uk pop'],53,0.934,0.608,-7.306,0.263,0.423,0.0,0.107,0.743,123.948,5,0,159194,pop
120,7JeutIjM4H2PK8taoLlmc4,Jukebox 2023,129,user,Judith Heldens,,https://open.spotify.com/playlist/7JeutIjM4H2PK8taoLlmc4,0,Stubborn Love,7x46YkKAwp3yZpaa72n5Mu,https://p.scdn.co/mp3-preview/689f540aacf5769f2229a7ce85ff4aa255fbfa1a?cid=0c571addac5347aa9932ddc72e415d79,2012,"['folk-pop', 'modern rock', 'stomp and holler']",70,0.596,0.544,-11.759,0.0362,0.604,0.017,0.262,0.262,115.022,0,1,279000,pop
121,7JeutIjM4H2PK8taoLlmc4,Jukebox 2023,129,user,Judith Heldens,,https://open.spotify.com/playlist/7JeutIjM4H2PK8taoLlmc4,0,Sleep On The Floor,44uOreAESeRIBaxkuCW4wN,https://p.scdn.co/mp3-preview/28f665f4d2731db59c9677493629b24d88051ef2?cid=0c571addac5347aa9932ddc72e415d79,2016-04-08,"['folk-pop', 'modern rock', 'stomp and holler']",72,0.389,0.431,-8.061,0.0344,0.249,0.0,0.13,0.275,142.14,7,1,211851,pop
122,7JeutIjM4H2PK8taoLlmc4,Jukebox 2023,129,user,Judith Heldens,,https://open.spotify.com/playlist/7JeutIjM4H2PK8taoLlmc4,0,Baby One More Time - Recorded at Spotify Studios New York City,4mJDfMcT7odIUjWlb2WO4L,https://p.scdn.co/mp3-preview/9439768f241ea46040622e9589bf9e29f738329b?cid=0c571addac5347aa9932ddc72e415d79,2017-06-07,"['pop', 'singer-songwriter pop', 'uk pop']",64,0.792,0.307,-6.224,0.0522,0.189,0.0,0.0834,0.631,104.511,11,0,177215,pop
123,7JeutIjM4H2PK8taoLlmc4,Jukebox 2023,129,user,Judith Heldens,,https://open.spotify.com/playlist/7JeutIjM4H2PK8taoLlmc4,0,Seventeen Going Under,5rF6YUIlgiat22OT1lWspJ,https://p.scdn.co/mp3-preview/2c93338830805b9ba3e57841dec60c643c7f0568?cid=0c571addac5347aa9932ddc72e415d79,2021-10-08,"['modern rock', 'north east england indie']",72,0.48,0.87,-4.792,0.0362,0.00438,0.00603,0.0826,0.584,161.953,1,1,297933,rock
124,7JeutIjM4H2PK8taoLlmc4,Jukebox 2023,129,user,Judith Heldens,,https://open.spotify.com/playlist/7JeutIjM4H2PK8taoLlmc4,0,I Need That,3rgnM3MBkpsuVeSwmtXYia,https://p.scdn.co/mp3-preview/26330f4b9e58922ef76f3ab926171c5b982f92df?cid=0c571addac5347aa9932ddc72e415d79,2022-12-02,['pov: indie'],56,0.706,0.751,-5.801,0.0829,0.114,0.0,0.0833,0.788,172.027,11,0,150707,indie
125,7JeutIjM4H2PK8taoLlmc4,Jukebox 2023,129,user,Judith Heldens,,https://open.spotify.com/playlist/7JeutIjM4H2PK8taoLlmc4,0,Just A Little While,4ofr8ORQ9w1QuxGLBwRiQk,https://p.scdn.co/mp3-preview/84f44855b006232d3d3dd5f561f09d04cadfe531?cid=0c571addac5347aa9932ddc72e415d79,2021-10-15,[unknown],66,0.636,0.788,-9.177,0.0432,0.0897,0.0,0.286,0.701,125.0,5,0,162608,uncategorized
126,7JeutIjM4H2PK8taoLlmc4,Jukebox 2023,129,user,Judith Heldens,,https://open.spotify.com/playlist/7JeutIjM4H2PK8taoLlmc4,0,Follow The Sun,3Y7fpFZbHLpAvWJJYGehz0,https://p.scdn.co/mp3-preview/f008d8c46f013a04a8fded5fa46df704eb046813?cid=0c571addac5347aa9932ddc72e415d79,2012-01-01,"['australian indie folk', 'australian reggae fusion']",75,0.611,0.394,-10.757,0.0416,0.534,4.68e-05,0.108,0.202,123.941,0,1,256267,folk
127,7JeutIjM4H2PK8taoLlmc4,Jukebox 2023,129,user,Judith Heldens,,https://open.spotify.com/playlist/7JeutIjM4H2PK8taoLlmc4,0,Brazil,4sNG6zQBmtq7M8aeeKJRMQ,https://p.scdn.co/mp3-preview/d92887b6feaaa7e91021f4512f581181d2480dc4?cid=0c571addac5347aa9932ddc72e415d79,2017-07-21,['pov: indie'],82,0.687,0.617,-5.213,0.0287,0.0941,1.27e-05,0.0898,0.665,121.079,4,1,252307,indie
128,7JeutIjM4H2PK8taoLlmc4,Jukebox 2023,129,user,Judith Heldens,,https://open.spotify.com/playlist/7JeutIjM4H2PK8taoLlmc4,0,Tripping Over Air,7mzPAftljnsFmU6131Pqcd,https://p.scdn.co/mp3-preview/49a21eb270e768c22337b39fcfbb3cb36cef8e4e?cid=0c571addac5347aa9932ddc72e415d79,2022-09-09,['gen z singer-songwriter'],67,0.622,0.799,-4.811,0.0342,0.00185,1.08e-06,0.269,0.6,116.985,11,1,182383,uncategorized
