,playlistID,playlistName,nTracks,type,owner,description,url,nFoll,category,TrackName,TrackID,SampleURL,ReleaseYear,Genres,Popularity,danceability,energy,loudness,speechiness,acousticness,instrumentalness,liveness,valence,tempo,key,mode,duration_ms,reducedGenre
0,3C64V048fGyQfCjmu9TIGA,90s HITS | TOP 100 SONGS,130,user,myplay.com,"The best of the 1990s classics, from TLC, Backstreet Boys, Destiny's Child, *NSYNC, Mariah Carey, Christina Aguilera, Britney Spears, Jennifer Lopez + more.",https://open.spotify.com/user/myplay.com,2124941,nineties,No Scrubs,1KGi9sZVMeszgZOWivFpxs,https://p.scdn.co/mp3-preview/87c4c3435b531616e2d642009a18eb711f87be4e?cid=0c571addac5347aa9932ddc72e415d79,1999-02-23,"['atl hip hop', 'contemporary r&b', 'dance pop', 'girl group', 'hip pop', 'r&b', 'urban contemporary']",84,0.743,0.675,-4.267,0.0953,0.0251,0.000717,0.0685,0.59,92.909,8,0,214400,pop
1,3C64V048fGyQfCjmu9TIGA,90s HITS | TOP 100 SONGS,130,user,myplay.com,"The best of the 1990s classics, from TLC, Backstreet Boys, Destiny's Child, *NSYNC, Mariah Carey, Christina Aguilera, Britney Spears, Jennifer Lopez + more.",https://open.spotify.com/user/myplay.com,2124941,nineties,I Want It That Way,47BBI51FKFwOMlIiX6m8ya,https://p.scdn.co/mp3-preview/4eec31d974fd622ac7858affd9759f2017dd87e4?cid=0c571addac5347aa9932ddc72e415d79,1999-05-18,"['boy band', 'dance pop', 'pop']",84,0.689,0.694,-5.83,0.027,0.257,0.0,0.148,0.482,99.039,6,0,213307,pop
2,3C64V048fGyQfCjmu9TIGA,90s HITS | TOP 100 SONGS,130,user,myplay.com,"The best of the 1990s classics, from TLC, Backstreet Boys, Destiny's Child, *NSYNC, Mariah Carey, Christina Aguilera, Britney Spears, Jennifer Lopez + more.",https://open.spotify.com/user/myplay.com,2124941,nineties,Say My Name,7H6ev70Weq6DdpZyyTmUXk,https://p.scdn.co/mp3-preview/bca92030911d3ac5208813cb47fdc40f30537ab9?cid=0c571addac5347aa9932ddc72e415d79,1999-07-27,"['dance pop', 'girl group', 'pop', 'r&b', 'urban contemporary']",80,0.713,0.678,-3.525,0.102,0.273,0.0,0.149,0.734,138.009,5,0,271333,pop
3,3C64V048fGyQfCjmu9TIGA,90s HITS | TOP 100 SONGS,130,user,myplay.com,"The best of the 1990s classics, from TLC, Backstreet Boys, Destiny's Child, *NSYNC, Mariah Carey, Christina Aguilera, Britney Spears, Jennifer Lopez + more.",https://open.spotify.com/user/myplay.com,2124941,nineties,Fantasy,6xkryXuiZU360Lngd4sx13,https://p.scdn.co/mp3-preview/1c23e1ae9b28c452b4d6f2ed4eea9f532dc13f0f?cid=0c571addac5347aa9932ddc72e415d79,1995-10-03,"['dance pop', 'pop', 'urban contemporary']",80,0.669,0.727,-7.588,0.0353,0.139,0.0,0.123,0.807,102.322,7,1,243493,pop
4,3C64V048fGyQfCjmu9TIGA,90s HITS | TOP 100 SONGS,130,user,myplay.com,"The best of the 1990s classics, from TLC, Backstreet Boys, Destiny's Child, *NSYNC, Mariah Carey, Christina Aguilera, Britney Spears, Jennifer Lopez + more.",https://open.spotify.com/user/myplay.com,2124941,nineties,Wannabe,1Je1IMUlBXcx1Fz0WE7oPT,https://p.scdn.co/mp3-preview/774ab81029159a5ebb4ff45a1ec8dc7adc4b2da8?cid=0c571addac5347aa9932ddc72e415d79,1996-01-01,"['dance pop', 'girl group', 'pop']",84,0.768,0.864,-6.145,0.0324,0.101,0.0,0.162,0.891,110.008,11,1,173027,pop
5,3C64V048fGyQfCjmu9TIGA,90s HITS | TOP 100 SONGS,130,user,myplay.com,"The best of the 1990s classics, from TLC, Backstreet Boys, Destiny's Child, *NSYNC, Mariah Carey, Christina Aguilera, Britney Spears, Jennifer Lopez + more.",https://open.spotify.com/user/myplay.com,2124941,nineties,Bye Bye Bye,62bOmKYxYg7dhrC6gH9vFn,https://p.scdn.co/mp3-preview/be65bd81597e7c9689726b170a9b459e0b8a18ae?cid=0c571addac5347aa9932ddc72e415d79,2000-03-21,"['boy band', 'dance pop', 'pop']",75,0.61,0.926,-4.843,0.0479,0.031,0.0012,0.0821,0.861,172.638,8,0,200400,pop
6,3C64V048fGyQfCjmu9TIGA,90s HITS | TOP 100 SONGS,130,user,myplay.com,"The best of the 1990s classics, from TLC, Backstreet Boys, Destiny's Child, *NSYNC, Mariah Carey, Christina Aguilera, Britney Spears, Jennifer Lopez + more.",https://open.spotify.com/user/myplay.com,2124941,nineties,Smooth Operator - Single Version,1Hv1VTm8zeOeybub15mA2R,https://p.scdn.co/mp3-preview/43f389ca63d0814eb6e316b42f13011d802373ff?cid=0c571addac5347aa9932ddc72e415d79,1994-10-31,"['british soul', 'sophisti-pop']",85,0.734,0.58,-6.619,0.0321,0.238,0.0006,0.0298,0.962,119.336,9,0,258693,pop
7,3C64V048fGyQfCjmu9TIGA,90s HITS | TOP 100 SONGS,130,user,myplay.com,"The best of the 1990s classics, from TLC, Backstreet Boys, Destiny's Child, *NSYNC, Mariah Carey, Christina Aguilera, Britney Spears, Jennifer Lopez + more.",https://open.spotify.com/user/myplay.com,2124941,nineties,Come on over Baby (All I Want Is You) - Radio Version,7A0apkTSTvMbSI7yplcmlh,https://p.scdn.co/mp3-preview/15909fde9cbd4ed0b24c188a421055fe1b6baf27?cid=0c571addac5347aa9932ddc72e415d79,1999,"['dance pop', 'pop']",68,0.829,0.915,-3.205,0.106,0.226,1.25e-05,0.246,0.779,118.903,8,1,203333,pop
8,3C64V048fGyQfCjmu9TIGA,90s HITS | TOP 100 SONGS,130,user,myplay.com,"The best of the 1990s classics, from TLC, Backstreet Boys, Destiny's Child, *NSYNC, Mariah Carey, Christina Aguilera, Britney Spears, Jennifer Lopez + more.",https://open.spotify.com/user/myplay.com,2124941,nineties,Maria Maria (feat. The Product G&B),3XKIUb7HzIF1Vu9usunMzc,https://p.scdn.co/mp3-preview/aeca3af8544ab78fef1485a06e5542b65ce00d66?cid=0c571addac5347aa9932ddc72e415d79,1999-06-15,"['blues rock', 'classic rock', 'mexican classic rock']",84,0.777,0.601,-5.931,0.126,0.0406,0.00201,0.0348,0.68,97.911,2,1,261973,rock
9,3C64V048fGyQfCjmu9TIGA,90s HITS | TOP 100 SONGS,130,user,myplay.com,"The best of the 1990s classics, from TLC, Backstreet Boys, Destiny's Child, *NSYNC, Mariah Carey, Christina Aguilera, Britney Spears, Jennifer Lopez + more.",https://open.spotify.com/user/myplay.com,2124941,nineties,Still D.R.E.,503OTo2dSqe7qk76rgsbep,https://p.scdn.co/mp3-preview/7a1ea34238e6d08c87fc17a5c7e30321d79a7aaa?cid=0c571addac5347aa9932ddc72e415d79,1999-11-16,"['g funk', 'gangster rap', 'hip hop', 'rap', 'west coast rap']",86,0.816,0.775,-3.323,0.234,0.16,0.00031,0.0543,0.527,93.431,11,1,270587,rap
10,3C64V048fGyQfCjmu9TIGA,90s HITS | TOP 100 SONGS,130,user,myplay.com,"The best of the 1990s classics, from TLC, Backstreet Boys, Destiny's Child, *NSYNC, Mariah Carey, Christina Aguilera, Britney Spears, Jennifer Lopez + more.",https://open.spotify.com/user/myplay.com,2124941,nineties,Amber,51UtgWS4z1eMPuLQOzPtNH,https://p.scdn.co/mp3-preview/2b8a07b9c8d3db0d93cfcebce722d75324cadd32?cid=0c571addac5347aa9932ddc72e415d79,2004-06-08,"['alternative metal', 'alternative rock', 'funk metal', 'funk rock', 'grunge', 'nu metal', 'pop rock', 'rap rock', 'reggae fusion']",71,0.659,0.727,-8.638,0.0455,0.119,0.00427,0.1,0.748,166.163,4,0,211080,rock
11,3C64V048fGyQfCjmu9TIGA,90s HITS | TOP 100 SONGS,130,user,myplay.com,"The best of the 1990s classics, from TLC, Backstreet Boys, Destiny's Child, *NSYNC, Mariah Carey, Christina Aguilera, Britney Spears, Jennifer Lopez + more.",https://open.spotify.com/user/myplay.com,2124941,nineties,Blind,1pr9TZGOXeJUggIal1Wq3R,https://p.scdn.co/mp3-preview/7c2868a7b00e17f310b3366160f900749490d468?cid=0c571addac5347aa9932ddc72e415d79,1994-10-11,"['alternative metal', 'funk metal', 'hard rock', 'nu metal', 'post-grunge', 'rap metal', 'rock']",73,0.283,0.891,-8.165,0.178,0.00678,0.0038,0.159,0.226,92.049,2,1,258267,metal
12,3C64V048fGyQfCjmu9TIGA,90s HITS | TOP 100 SONGS,130,user,myplay.com,"The best of the 1990s classics, from TLC, Backstreet Boys, Destiny's Child, *NSYNC, Mariah Carey, Christina Aguilera, Britney Spears, Jennifer Lopez + more.",https://open.spotify.com/user/myplay.com,2124941,nineties,Gettin' Jiggy Wit It,0weAUscowxeqDtpCgtbpgp,https://p.scdn.co/mp3-preview/c16a2bdebb583a5af11ab642f7411b87e8f7f396?cid=0c571addac5347aa9932ddc72e415d79,1997-10-03,"['hip hop', 'pop rap']",76,0.881,0.874,-4.505,0.139,0.0175,1.14e-06,0.154,0.858,107.891,6,1,227933,pop
13,3C64V048fGyQfCjmu9TIGA,90s HITS | TOP 100 SONGS,130,user,myplay.com,"The best of the 1990s classics, from TLC, Backstreet Boys, Destiny's Child, *NSYNC, Mariah Carey, Christina Aguilera, Britney Spears, Jennifer Lopez + more.",https://open.spotify.com/user/myplay.com,2124941,nineties,...Baby One More Time,3MjUtNVVq3C8Fn0MP3zhXa,https://p.scdn.co/mp3-preview/174e01719c3b06ee1437cb13f892e539df14b6d1?cid=0c571addac5347aa9932ddc72e415d79,1999-01-12,"['dance pop', 'pop']",82,0.759,0.699,-5.745,0.0307,0.202,0.000131,0.443,0.907,92.96,0,0,211067,pop
14,3C64V048fGyQfCjmu9TIGA,90s HITS | TOP 100 SONGS,130,user,myplay.com,"The best of the 1990s classics, from TLC, Backstreet Boys, Destiny's Child, *NSYNC, Mariah Carey, Christina Aguilera, Britney Spears, Jennifer Lopez + more.",https://open.spotify.com/user/myplay.com,2124941,nineties,Miami,6e8Ou0wiqAzIpWb2eSxll8,https://p.scdn.co/mp3-preview/4c06f85cf92c5cb64ea1da5fa33be3f8b285b39d?cid=0c571addac5347aa9932ddc72e415d79,1997-10-03,"['hip hop', 'pop rap']",76,0.877,0.534,-6.178,0.15,0.0339,1.67e-05,0.0441,0.89,108.17,1,1,197560,pop
15,3C64V048fGyQfCjmu9TIGA,90s HITS | TOP 100 SONGS,130,user,myplay.com,"The best of the 1990s classics, from TLC, Backstreet Boys, Destiny's Child, *NSYNC, Mariah Carey, Christina Aguilera, Britney Spears, Jennifer Lopez + more.",https://open.spotify.com/user/myplay.com,2124941,nineties,If You Had My Love,3x4yV0hW5Ve3TKhFkXSqFn,https://p.scdn.co/mp3-preview/873ca6d53b1232d25b19410a8838b433ea81e026?cid=0c571addac5347aa9932ddc72e415d79,1999-06-01,"['dance pop', 'pop', 'urban contemporary']",67,0.68,0.625,-7.0,0.0353,0.0645,5.81e-05,0.109,0.814,94.02,11,0,266000,pop
16,3C64V048fGyQfCjmu9TIGA,90s HITS | TOP 100 SONGS,130,user,myplay.com,"The best of the 1990s classics, from TLC, Backstreet Boys, Destiny's Child, *NSYNC, Mariah Carey, Christina Aguilera, Britney Spears, Jennifer Lopez + more.",https://open.spotify.com/user/myplay.com,2124941,nineties,Zombie,7EZC6E7UjZe63f1jRmkWxt,https://p.scdn.co/mp3-preview/17be792bc7651304002a6dcea847087501c8305a?cid=0c571addac5347aa9932ddc72e415d79,1994-10-03,"['irish rock', 'pop rock', 'rock']",85,0.309,0.649,-8.994,0.035,0.0158,0.00591,0.367,0.312,166.915,7,1,306440,rock
17,3C64V048fGyQfCjmu9TIGA,90s HITS | TOP 100 SONGS,130,user,myplay.com,"The best of the 1990s classics, from TLC, Backstreet Boys, Destiny's Child, *NSYNC, Mariah Carey, Christina Aguilera, Britney Spears, Jennifer Lopez + more.",https://open.spotify.com/user/myplay.com,2124941,nineties,Waterfalls,6qspW4YKycviDFjHBOaqUY,https://p.scdn.co/mp3-preview/7fae23d7bb19a77d6c5552f385cc6f80534dfae7?cid=0c571addac5347aa9932ddc72e415d79,1994-11-15,"['atl hip hop', 'contemporary r&b', 'dance pop', 'girl group', 'hip pop', 'r&b', 'urban contemporary']",78,0.769,0.505,-7.345,0.0829,0.311,7.49e-05,0.0777,0.757,171.804,1,1,279507,pop
18,3C64V048fGyQfCjmu9TIGA,90s HITS | TOP 100 SONGS,130,user,myplay.com,"The best of the 1990s classics, from TLC, Backstreet Boys, Destiny's Child, *NSYNC, Mariah Carey, Christina Aguilera, Britney Spears, Jennifer Lopez + more.",https://open.spotify.com/user/myplay.com,2124941,nineties,Gangsta's Paradise,1DIXPcTDzTj8ZMHt3PDt8p,https://p.scdn.co/mp3-preview/1454c63a66c27ac745f874d6c113270a9c62d28e?cid=0c571addac5347aa9932ddc72e415d79,1995-11-07,"['g funk', 'gangster rap', 'hip hop', 'west coast rap']",89,0.647,0.514,-10.05,0.0593,0.0655,0.0,0.398,0.386,79.975,8,1,240693,rap
19,3C64V048fGyQfCjmu9TIGA,90s HITS | TOP 100 SONGS,130,user,myplay.com,"The best of the 1990s classics, from TLC, Backstreet Boys, Destiny's Child, *NSYNC, Mariah Carey, Christina Aguilera, Britney Spears, Jennifer Lopez + more.",https://open.spotify.com/user/myplay.com,2124941,nineties,My Own Worst Enemy,33iv3wnGMrrDugd7GBso1z,https://p.scdn.co/mp3-preview/6d366fc2ea5ec2146aebc3a6ace5687a87148ba8?cid=0c571addac5347aa9932ddc72e415d79,1999-02-22,"['alternative metal', 'nu metal', 'pop punk', 'pop rock', 'socal pop punk']",76,0.494,0.946,-2.757,0.0637,0.00129,0.0,0.398,0.741,103.408,4,1,169027,pop
20,3C64V048fGyQfCjmu9TIGA,90s HITS | TOP 100 SONGS,130,user,myplay.com,"The best of the 1990s classics, from TLC, Backstreet Boys, Destiny's Child, *NSYNC, Mariah Carey, Christina Aguilera, Britney Spears, Jennifer Lopez + more.",https://open.spotify.com/user/myplay.com,2124941,nineties,All The Small Things,2m1hi0nfMR9vdGC8UcrnwU,https://p.scdn.co/mp3-preview/b1447b8d76183737ea2ebd10f70da6292904f833?cid=0c571addac5347aa9932ddc72e415d79,1999-06-01,"['alternative metal', 'modern rock', 'pop punk', 'punk', 'rock', 'socal pop punk']",85,0.434,0.897,-4.918,0.0488,0.0103,0.0,0.612,0.684,148.726,0,1,167067,punk
21,3C64V048fGyQfCjmu9TIGA,90s HITS | TOP 100 SONGS,130,user,myplay.com,"The best of the 1990s classics, from TLC, Backstreet Boys, Destiny's Child, *NSYNC, Mariah Carey, Christina Aguilera, Britney Spears, Jennifer Lopez + more.",https://open.spotify.com/user/myplay.com,2124941,nineties,"Jumpin', Jumpin'",4pmc2AxSEq6g7hPVlJCPyP,https://p.scdn.co/mp3-preview/3aee9825783b667dd6677d58183fa0025fae8137?cid=0c571addac5347aa9932ddc72e415d79,1999-07-27,"['dance pop', 'girl group', 'pop', 'r&b', 'urban contemporary']",74,0.771,0.685,-4.639,0.0567,0.00543,0.00157,0.0537,0.683,88.997,1,1,230200,pop
22,3C64V048fGyQfCjmu9TIGA,90s HITS | TOP 100 SONGS,130,user,myplay.com,"The best of the 1990s classics, from TLC, Backstreet Boys, Destiny's Child, *NSYNC, Mariah Carey, Christina Aguilera, Britney Spears, Jennifer Lopez + more.",https://open.spotify.com/user/myplay.com,2124941,nineties,Always Be My Baby,2aBxt229cbLDOvtL7Xbb9x,https://p.scdn.co/mp3-preview/c0aa36744d3c682c8fa9e14a0b7128b5afaf5d60?cid=0c571addac5347aa9932ddc72e415d79,1995-10-03,"['dance pop', 'pop', 'urban contemporary']",76,0.65,0.531,-8.335,0.0364,0.457,0.0,0.249,0.487,78.946,4,1,258133,pop
23,3C64V048fGyQfCjmu9TIGA,90s HITS | TOP 100 SONGS,130,user,myplay.com,"The best of the 1990s classics, from TLC, Backstreet Boys, Destiny's Child, *NSYNC, Mariah Carey, Christina Aguilera, Britney Spears, Jennifer Lopez + more.",https://open.spotify.com/user/myplay.com,2124941,nineties,It's Gonna Be Me,2AW37v0bDyuOzGP3XnmFuA,https://p.scdn.co/mp3-preview/cf9e81bb5eb8e54becbb4e62c6ce33f141fb07a1?cid=0c571addac5347aa9932ddc72e415d79,2000-03-21,"['boy band', 'dance pop', 'pop']",72,0.636,0.873,-4.672,0.071,0.0407,1.27e-06,0.0372,0.908,165.071,0,0,192427,pop
24,3C64V048fGyQfCjmu9TIGA,90s HITS | TOP 100 SONGS,130,user,myplay.com,"The best of the 1990s classics, from TLC, Backstreet Boys, Destiny's Child, *NSYNC, Mariah Carey, Christina Aguilera, Britney Spears, Jennifer Lopez + more.",https://open.spotify.com/user/myplay.com,2124941,nineties,"It Must Have Been Love - From the Film ""Pretty Woman""",6kvoHl80mfCVTv7XnZkjQn,https://p.scdn.co/mp3-preview/361fd8946cd20110a0267af87ef5b98ac1c6e7a9?cid=0c571addac5347aa9932ddc72e415d79,1990-05-20,"['europop', 'swedish pop', 'synthpop']",80,0.52,0.652,-6.655,0.0274,0.34,5.49e-05,0.256,0.722,80.609,5,1,258787,pop
25,3C64V048fGyQfCjmu9TIGA,90s HITS | TOP 100 SONGS,130,user,myplay.com,"The best of the 1990s classics, from TLC, Backstreet Boys, Destiny's Child, *NSYNC, Mariah Carey, Christina Aguilera, Britney Spears, Jennifer Lopez + more.",https://open.spotify.com/user/myplay.com,2124941,nineties,Mambo No. 5 (a Little Bit of...),6x4tKaOzfNJpEJHySoiJcs,https://p.scdn.co/mp3-preview/c98bff86083944b2b50af1b5dfb04279d5342cde?cid=0c571addac5347aa9932ddc72e415d79,1999-07-19,['latin pop'],80,0.622,0.807,-6.752,0.408,0.103,0.0,0.306,0.892,174.06,5,0,220293,pop
26,3C64V048fGyQfCjmu9TIGA,90s HITS | TOP 100 SONGS,130,user,myplay.com,"The best of the 1990s classics, from TLC, Backstreet Boys, Destiny's Child, *NSYNC, Mariah Carey, Christina Aguilera, Britney Spears, Jennifer Lopez + more.",https://open.spotify.com/user/myplay.com,2124941,nineties,Smooth (feat. Rob Thomas),0n2SEXB2qoRQg171q7XqeW,https://p.scdn.co/mp3-preview/ad700390ab14840d38fa5d96235bd07fec26253b?cid=0c571addac5347aa9932ddc72e415d79,1999-06-15,"['blues rock', 'classic rock', 'mexican classic rock']",74,0.609,0.923,-3.908,0.0338,0.16,4.73e-06,0.295,0.961,115.996,9,1,294987,rock
27,3C64V048fGyQfCjmu9TIGA,90s HITS | TOP 100 SONGS,130,user,myplay.com,"The best of the 1990s classics, from TLC, Backstreet Boys, Destiny's Child, *NSYNC, Mariah Carey, Christina Aguilera, Britney Spears, Jennifer Lopez + more.",https://open.spotify.com/user/myplay.com,2124941,nineties,Waiting for Tonight,5yaCquc7koPqtgj7v0lwHX,https://p.scdn.co/mp3-preview/87559abbb1522d6970d925bb11f178e6b2762ed7?cid=0c571addac5347aa9932ddc72e415d79,1999-06-01,"['dance pop', 'pop', 'urban contemporary']",68,0.695,0.945,-6.165,0.0418,0.00341,0.0727,0.103,0.84,125.013,10,0,246427,pop
28,3C64V048fGyQfCjmu9TIGA,90s HITS | TOP 100 SONGS,130,user,myplay.com,"The best of the 1990s classics, from TLC, Backstreet Boys, Destiny's Child, *NSYNC, Mariah Carey, Christina Aguilera, Britney Spears, Jennifer Lopez + more.",https://open.spotify.com/user/myplay.com,2124941,nineties,Bitter Sweet Symphony - Remastered 2016,57iDDD9N9tTWe75x6qhStw,https://p.scdn.co/mp3-preview/8b56a0a99ec6675ac20c4c9d69565897e510c491?cid=0c571addac5347aa9932ddc72e415d79,1997-09-29,"['britpop', 'permanent wave', 'rock', 'shoegaze']",83,0.356,0.917,-6.006,0.0479,0.0335,0.0,0.406,0.518,171.176,9,1,357267,pop
29,3C64V048fGyQfCjmu9TIGA,90s HITS | TOP 100 SONGS,130,user,myplay.com,"The best of the 1990s classics, from TLC, Backstreet Boys, Destiny's Child, *NSYNC, Mariah Carey, Christina Aguilera, Britney Spears, Jennifer Lopez + more.",https://open.spotify.com/user/myplay.com,2124941,nineties,Creep,1aWV3uY3SIEZVbmv45oFWS,https://p.scdn.co/mp3-preview/bb2d99ffae852b119fe4c0141e86dfdcb6ac4198?cid=0c571addac5347aa9932ddc72e415d79,1994-11-15,"['atl hip hop', 'contemporary r&b', 'dance pop', 'girl group', 'hip pop', 'r&b', 'urban contemporary']",71,0.811,0.458,-9.688,0.0402,0.0193,1.41e-06,0.0526,0.797,92.94,5,0,268533,pop
30,3C64V048fGyQfCjmu9TIGA,90s HITS | TOP 100 SONGS,130,user,myplay.com,"The best of the 1990s classics, from TLC, Backstreet Boys, Destiny's Child, *NSYNC, Mariah Carey, Christina Aguilera, Britney Spears, Jennifer Lopez + more.",https://open.spotify.com/user/myplay.com,2124941,nineties,Oops!...I Did It Again,6naxalmIoLFWR0siv8dnQQ,https://p.scdn.co/mp3-preview/66a5cf0f69b1bb1e8930821881b71756151c5f68?cid=0c571addac5347aa9932ddc72e415d79,2000-05-16,"['dance pop', 'pop']",82,0.751,0.834,-5.444,0.0437,0.3,1.77e-05,0.355,0.894,95.053,1,0,211160,pop
31,3C64V048fGyQfCjmu9TIGA,90s HITS | TOP 100 SONGS,130,user,myplay.com,"The best of the 1990s classics, from TLC, Backstreet Boys, Destiny's Child, *NSYNC, Mariah Carey, Christina Aguilera, Britney Spears, Jennifer Lopez + more.",https://open.spotify.com/user/myplay.com,2124941,nineties,Livin' la Vida Loca,0Ph6L4l8dYUuXFmb71Ajnd,https://p.scdn.co/mp3-preview/efdd213308e7efa3d4e2f883cda1b2a059ab32a3?cid=0c571addac5347aa9932ddc72e415d79,1999,"['latin pop', 'mexican pop', 'puerto rican pop']",78,0.425,0.954,-3.756,0.0476,0.00414,0.0,0.0555,0.933,178.043,1,0,243160,pop
32,3C64V048fGyQfCjmu9TIGA,90s HITS | TOP 100 SONGS,130,user,myplay.com,"The best of the 1990s classics, from TLC, Backstreet Boys, Destiny's Child, *NSYNC, Mariah Carey, Christina Aguilera, Britney Spears, Jennifer Lopez + more.",https://open.spotify.com/user/myplay.com,2124941,nineties,Scar Tissue,1G391cbiT3v3Cywg8T7DM1,https://p.scdn.co/mp3-preview/5aa4aff376bccc73f7fa7df2954649e30a56c4b1?cid=0c571addac5347aa9932ddc72e415d79,1999-06-08,"['alternative rock', 'funk metal', 'funk rock', 'permanent wave', 'rock']",84,0.595,0.717,-4.803,0.0295,0.0779,0.00274,0.108,0.547,88.969,0,1,215907,rock
33,3C64V048fGyQfCjmu9TIGA,90s HITS | TOP 100 SONGS,130,user,myplay.com,"The best of the 1990s classics, from TLC, Backstreet Boys, Destiny's Child, *NSYNC, Mariah Carey, Christina Aguilera, Britney Spears, Jennifer Lopez + more.",https://open.spotify.com/user/myplay.com,2124941,nineties,Tearin' up My Heart - Radio Edit,594M0rqYMOo8BhMGEdoi5C,https://p.scdn.co/mp3-preview/05ed70d8a85555cb94bdbbc9843274d955690619?cid=0c571addac5347aa9932ddc72e415d79,1997-05-26,"['boy band', 'dance pop', 'pop']",62,0.686,0.915,-4.447,0.0364,0.0028,7.16e-06,0.233,0.796,110.054,7,1,211000,pop
34,3C64V048fGyQfCjmu9TIGA,90s HITS | TOP 100 SONGS,130,user,myplay.com,"The best of the 1990s classics, from TLC, Backstreet Boys, Destiny's Child, *NSYNC, Mariah Carey, Christina Aguilera, Britney Spears, Jennifer Lopez + more.",https://open.spotify.com/user/myplay.com,2124941,nineties,I Try,5TAf4lnZCZTLlZHNZMLFLi,https://p.scdn.co/mp3-preview/48c1c7bdf2f8bb250d80fc123752dee589154b51?cid=0c571addac5347aa9932ddc72e415d79,1999-07-03,['neo soul'],75,0.593,0.642,-7.284,0.0299,0.313,0.000582,0.0804,0.736,76.403,2,1,239440,soul
35,3C64V048fGyQfCjmu9TIGA,90s HITS | TOP 100 SONGS,130,user,myplay.com,"The best of the 1990s classics, from TLC, Backstreet Boys, Destiny's Child, *NSYNC, Mariah Carey, Christina Aguilera, Britney Spears, Jennifer Lopez + more.",https://open.spotify.com/user/myplay.com,2124941,nineties,Losing My Religion,31AOj9sFz2gM0O3hMARRBx,https://p.scdn.co/mp3-preview/184d86f6c2b531830190011f00c5780fa7a2e1f2?cid=0c571addac5347aa9932ddc72e415d79,1991-03-12,"['alternative rock', 'athens indie', 'permanent wave', 'rock']",87,0.666,0.855,-5.051,0.0295,0.179,1.2e-06,0.0987,0.803,125.639,9,0,268427,rock
36,3C64V048fGyQfCjmu9TIGA,90s HITS | TOP 100 SONGS,130,user,myplay.com,"The best of the 1990s classics, from TLC, Backstreet Boys, Destiny's Child, *NSYNC, Mariah Carey, Christina Aguilera, Britney Spears, Jennifer Lopez + more.",https://open.spotify.com/user/myplay.com,2124941,nineties,Black or White - Single Version,2Cy7QY8HPLk925AyNAt6OG,https://p.scdn.co/mp3-preview/2e642263af640afcfd751abbfef51b24cdcb3fd9?cid=0c571addac5347aa9932ddc72e415d79,2005-07-19,"['r&b', 'soul']",62,0.741,0.894,-3.826,0.0496,0.0814,0.0527,0.089,0.96,114.879,4,1,202853,r&b
37,3C64V048fGyQfCjmu9TIGA,90s HITS | TOP 100 SONGS,130,user,myplay.com,"The best of the 1990s classics, from TLC, Backstreet Boys, Destiny's Child, *NSYNC, Mariah Carey, Christina Aguilera, Britney Spears, Jennifer Lopez + more.",https://open.spotify.com/user/myplay.com,2124941,nineties,November Rain,3YRCqOhFifThpSRFJ1VWFM,https://p.scdn.co/mp3-preview/98deb9c370bbaa350be058b3470fbe3bc1e28d9d?cid=0c571addac5347aa9932ddc72e415d79,1991-09-17,"['glam metal', 'hard rock', 'rock']",82,0.294,0.641,-9.316,0.0291,0.0163,0.22,0.112,0.226,79.759,11,1,536067,rock
38,3C64V048fGyQfCjmu9TIGA,90s HITS | TOP 100 SONGS,130,user,myplay.com,"The best of the 1990s classics, from TLC, Backstreet Boys, Destiny's Child, *NSYNC, Mariah Carey, Christina Aguilera, Britney Spears, Jennifer Lopez + more.",https://open.spotify.com/user/myplay.com,2124941,nineties,Thunderstruck,57bgtoPSgt236HzfBOd8kj,https://p.scdn.co/mp3-preview/788a028fa3a33141c817b1064e3159006edeaa8d?cid=0c571addac5347aa9932ddc72e415d79,1990-09-24,"['australian rock', 'hard rock', 'rock']",87,0.502,0.89,-5.175,0.0364,0.000147,0.0117,0.217,0.259,133.52,4,1,292880,rock
39,3C64V048fGyQfCjmu9TIGA,90s HITS | TOP 100 SONGS,130,user,myplay.com,"The best of the 1990s classics, from TLC, Backstreet Boys, Destiny's Child, *NSYNC, Mariah Carey, Christina Aguilera, Britney Spears, Jennifer Lopez + more.",https://open.spotify.com/user/myplay.com,2124941,nineties,(You Drive Me) Crazy,1DSJNBNhGZCigg9ll5VeZv,https://p.scdn.co/mp3-preview/f71669328ef023ec65999d849141d41a323f21e4?cid=0c571addac5347aa9932ddc72e415d79,1999-01-12,"['dance pop', 'pop']",70,0.748,0.939,-4.288,0.0341,0.0534,0.0,0.32,0.96,104.001,0,0,198067,pop
40,3C64V048fGyQfCjmu9TIGA,90s HITS | TOP 100 SONGS,130,user,myplay.com,"The best of the 1990s classics, from TLC, Backstreet Boys, Destiny's Child, *NSYNC, Mariah Carey, Christina Aguilera, Britney Spears, Jennifer Lopez + more.",https://open.spotify.com/user/myplay.com,2124941,nineties,Pony,6mz1fBdKATx6qP4oP1I65G,https://p.scdn.co/mp3-preview/c4694c8eeac6ffc53603ae187d3d29c79c99a40d?cid=0c571addac5347aa9932ddc72e415d79,1999-10-08,"['contemporary r&b', 'hip pop', 'r&b', 'urban contemporary']",74,0.749,0.605,-9.359,0.086,0.00186,0.0381,0.115,0.966,142.024,8,0,251733,r&b
41,3C64V048fGyQfCjmu9TIGA,90s HITS | TOP 100 SONGS,130,user,myplay.com,"The best of the 1990s classics, from TLC, Backstreet Boys, Destiny's Child, *NSYNC, Mariah Carey, Christina Aguilera, Britney Spears, Jennifer Lopez + more.",https://open.spotify.com/user/myplay.com,2124941,nineties,Creep,70LcF31zb1H0PyJoS1Sx1r,https://p.scdn.co/mp3-preview/713b601d02641a850f2a3e6097aacaff52328d57?cid=0c571addac5347aa9932ddc72e415d79,1993-02-22,"['alternative rock', 'art rock', 'melancholia', 'oxford indie', 'permanent wave', 'rock']",89,0.515,0.43,-9.935,0.0372,0.0097,0.000133,0.129,0.104,91.844,7,1,238640,rock
42,3C64V048fGyQfCjmu9TIGA,90s HITS | TOP 100 SONGS,130,user,myplay.com,"The best of the 1990s classics, from TLC, Backstreet Boys, Destiny's Child, *NSYNC, Mariah Carey, Christina Aguilera, Britney Spears, Jennifer Lopez + more.",https://open.spotify.com/user/myplay.com,2124941,nineties,Thank You,751gBcu62kORDelX7FV0mM,https://p.scdn.co/mp3-preview/d72b53d1ee68c7b37d84a7f7f62c362fe3e10596?cid=0c571addac5347aa9932ddc72e415d79,1999-06-01,"['dance pop', 'europop', 'lilith', 'neo mellow', 'pop rock']",63,0.722,0.595,-9.928,0.0415,0.284,0.00054,0.0694,0.738,79.981,1,0,217827,pop
43,3C64V048fGyQfCjmu9TIGA,90s HITS | TOP 100 SONGS,130,user,myplay.com,"The best of the 1990s classics, from TLC, Backstreet Boys, Destiny's Child, *NSYNC, Mariah Carey, Christina Aguilera, Britney Spears, Jennifer Lopez + more.",https://open.spotify.com/user/myplay.com,2124941,nineties,Ghetto Supastar (That is What You Are) (feat. Ol' Dirty Bastard & MÃ½a),31bf9SEOppLU6lQ85d8om6,https://p.scdn.co/mp3-preview/1fc392f49843710d7f4693bb10f5ad1a5c222ea5?cid=0c571addac5347aa9932ddc72e415d79,1998-10-03,['new jersey rap'],71,0.818,0.653,-8.396,0.204,0.0335,5.46e-06,0.22,0.533,99.931,1,1,261133,rap
44,3C64V048fGyQfCjmu9TIGA,90s HITS | TOP 100 SONGS,130,user,myplay.com,"The best of the 1990s classics, from TLC, Backstreet Boys, Destiny's Child, *NSYNC, Mariah Carey, Christina Aguilera, Britney Spears, Jennifer Lopez + more.",https://open.spotify.com/user/myplay.com,2124941,nineties,What's My Age Again?,4LJhJ6DQS7NwE7UKtvcM52,https://p.scdn.co/mp3-preview/e73273f1d5a2b8d94dcd54d9f1a90e636e8c24bf?cid=0c571addac5347aa9932ddc72e415d79,1999-06-01,"['alternative metal', 'modern rock', 'pop punk', 'punk', 'rock', 'socal pop punk']",82,0.391,0.951,-7.419,0.0692,0.0126,0.000378,0.0878,0.468,157.66,6,1,148360,punk
45,3C64V048fGyQfCjmu9TIGA,90s HITS | TOP 100 SONGS,130,user,myplay.com,"The best of the 1990s classics, from TLC, Backstreet Boys, Destiny's Child, *NSYNC, Mariah Carey, Christina Aguilera, Britney Spears, Jennifer Lopez + more.",https://open.spotify.com/user/myplay.com,2124941,nineties,It Wasn't Me,3WkibOpDF7cQ5xntM1epyf,https://p.scdn.co/mp3-preview/a0b006f31a20deb4e965c3a2092a975067064c36?cid=0c571addac5347aa9932ddc72e415d79,2000-08-08,"['pop rap', 'reggae fusion']",82,0.853,0.606,-4.596,0.0713,0.0561,0.0,0.313,0.654,94.759,0,1,227600,pop
46,3C64V048fGyQfCjmu9TIGA,90s HITS | TOP 100 SONGS,130,user,myplay.com,"The best of the 1990s classics, from TLC, Backstreet Boys, Destiny's Child, *NSYNC, Mariah Carey, Christina Aguilera, Britney Spears, Jennifer Lopez + more.",https://open.spotify.com/user/myplay.com,2124941,nineties,"Men In Black - From ""Men In Black"" Soundtrack",2FK7fxjzQEXD7Z32HSF0Hl,https://p.scdn.co/mp3-preview/55b9e9ca8402487f1bedd79ebfb78c3286f5fb47?cid=0c571addac5347aa9932ddc72e415d79,1997-10-03,"['hip hop', 'pop rap']",68,0.801,0.581,-8.491,0.0681,0.0968,0.000318,0.0971,0.656,107.545,5,0,227267,pop
47,3C64V048fGyQfCjmu9TIGA,90s HITS | TOP 100 SONGS,130,user,myplay.com,"The best of the 1990s classics, from TLC, Backstreet Boys, Destiny's Child, *NSYNC, Mariah Carey, Christina Aguilera, Britney Spears, Jennifer Lopez + more.",https://open.spotify.com/user/myplay.com,2124941,nineties,Californication,48UPSzbZjgc449aqz8bxox,https://p.scdn.co/mp3-preview/0fd595c5b63db10f4a99683f8248ea5d13700683?cid=0c571addac5347aa9932ddc72e415d79,1999-06-08,"['alternative rock', 'funk metal', 'funk rock', 'permanent wave', 'rock']",85,0.592,0.767,-2.788,0.027,0.0021,0.00165,0.127,0.328,96.483,9,0,329733,rock
48,3C64V048fGyQfCjmu9TIGA,90s HITS | TOP 100 SONGS,130,user,myplay.com,"The best of the 1990s classics, from TLC, Backstreet Boys, Destiny's Child, *NSYNC, Mariah Carey, Christina Aguilera, Britney Spears, Jennifer Lopez + more.",https://open.spotify.com/user/myplay.com,2124941,nineties,Under the Bridge,3d9DChrdc6BOeFsbrZ3Is0,https://p.scdn.co/mp3-preview/46b0229c06712c5b5e143724c0617e51a9b6e432?cid=0c571addac5347aa9932ddc72e415d79,1991-09-24,"['alternative rock', 'funk metal', 'funk rock', 'permanent wave', 'rock']",85,0.559,0.345,-13.496,0.0459,0.0576,0.000105,0.141,0.458,84.581,4,1,264307,rock
49,3C64V048fGyQfCjmu9TIGA,90s HITS | TOP 100 SONGS,130,user,myplay.com,"The best of the 1990s classics, from TLC, Backstreet Boys, Destiny's Child, *NSYNC, Mariah Carey, Christina Aguilera, Britney Spears, Jennifer Lopez + more.",https://open.spotify.com/user/myplay.com,2124941,nineties,Killing In The Name,59WN2psjkt1tyaxjspN8fp,https://p.scdn.co/mp3-preview/998d3604b68754c11bc0a9af64291ac1f91fb0d8?cid=0c571addac5347aa9932ddc72e415d79,1992,"['alternative metal', 'alternative rock', 'conscious hip hop', 'funk metal', 'hard rock', 'nu metal', 'political hip hop', 'post-grunge', 'rap metal', 'rap rock', 'rock']",82,0.466,0.833,-4.215,0.304,0.0266,0.0,0.0327,0.661,88.785,7,1,313573,rock
50,3C64V048fGyQfCjmu9TIGA,90s HITS | TOP 100 SONGS,130,user,myplay.com,"The best of the 1990s classics, from TLC, Backstreet Boys, Destiny's Child, *NSYNC, Mariah Carey, Christina Aguilera, Britney Spears, Jennifer Lopez + more.",https://open.spotify.com/user/myplay.com,2124941,nineties,Can I Kick It?,3Ti0GdlrotgwsAVBBugv0I,https://p.scdn.co/mp3-preview/cb6c256d2212dd8e942b10216313ac1d2a5480c0?cid=0c571addac5347aa9932ddc72e415d79,1990-04-17,"['conscious hip hop', 'east coast hip hop', 'golden age hip hop', 'hip hop', 'jazz rap', 'queens hip hop']",74,0.848,0.666,-6.547,0.274,0.173,0.000699,0.129,0.744,96.662,0,1,251573,jazz
51,3C64V048fGyQfCjmu9TIGA,90s HITS | TOP 100 SONGS,130,user,myplay.com,"The best of the 1990s classics, from TLC, Backstreet Boys, Destiny's Child, *NSYNC, Mariah Carey, Christina Aguilera, Britney Spears, Jennifer Lopez + more.",https://open.spotify.com/user/myplay.com,2124941,nineties,"My Heart Will Go On - Love Theme from ""Titanic""",33LC84JgLvK2KuW43MfaNq,https://p.scdn.co/mp3-preview/68c13229ec9b1b4a5ea580e801061fd7791857c4?cid=0c571addac5347aa9932ddc72e415d79,1997-11-14,['canadian pop'],78,0.428,0.276,-11.729,0.0312,0.732,5.33e-06,0.117,0.0382,99.195,4,1,280000,pop
52,3C64V048fGyQfCjmu9TIGA,90s HITS | TOP 100 SONGS,130,user,myplay.com,"The best of the 1990s classics, from TLC, Backstreet Boys, Destiny's Child, *NSYNC, Mariah Carey, Christina Aguilera, Britney Spears, Jennifer Lopez + more.",https://open.spotify.com/user/myplay.com,2124941,nineties,All Star,3cfOd4CMv2snFaKAnMdnvK,https://p.scdn.co/mp3-preview/70327c47dd089121bca4212f5db3d8ad81f538fe?cid=0c571addac5347aa9932ddc72e415d79,1999-06-08,"['pop rock', 'post-grunge']",82,0.731,0.867,-5.881,0.032,0.0395,0.0,0.0861,0.776,104.019,11,1,200373,pop
53,3C64V048fGyQfCjmu9TIGA,90s HITS | TOP 100 SONGS,130,user,myplay.com,"The best of the 1990s classics, from TLC, Backstreet Boys, Destiny's Child, *NSYNC, Mariah Carey, Christina Aguilera, Britney Spears, Jennifer Lopez + more.",https://open.spotify.com/user/myplay.com,2124941,nineties,The Most Beautiful Girl In the World,0aPaGIX2QIMAH5SMp0VEMe,https://p.scdn.co/mp3-preview/390b5853472e4dc7e6b6352b9d5d819328876583?cid=0c571addac5347aa9932ddc72e415d79,1995-09-26,"['funk', 'funk rock', 'minneapolis sound', 'rock', 'synth funk']",62,0.489,0.693,-4.952,0.0427,0.0182,5.63e-06,0.304,0.453,185.758,6,1,265320,funk
54,3C64V048fGyQfCjmu9TIGA,90s HITS | TOP 100 SONGS,130,user,myplay.com,"The best of the 1990s classics, from TLC, Backstreet Boys, Destiny's Child, *NSYNC, Mariah Carey, Christina Aguilera, Britney Spears, Jennifer Lopez + more.",https://open.spotify.com/user/myplay.com,2124941,nineties,Ready or Not,3vZO25GdYuqFrR1kzZADnp,https://p.scdn.co/mp3-preview/faef087ef46db44c36f29a3d002dec76dc5b1b54?cid=0c571addac5347aa9932ddc72e415d79,1996-02-13,"['east coast hip hop', 'hip hop', 'neo soul', 'new jersey rap']",76,0.607,0.422,-13.364,0.499,0.209,0.0,0.0839,0.563,130.47,10,0,226987,rap
55,3C64V048fGyQfCjmu9TIGA,90s HITS | TOP 100 SONGS,130,user,myplay.com,"The best of the 1990s classics, from TLC, Backstreet Boys, Destiny's Child, *NSYNC, Mariah Carey, Christina Aguilera, Britney Spears, Jennifer Lopez + more.",https://open.spotify.com/user/myplay.com,2124941,nineties,Truly Madly Deeply,013AWvizllIUEC2FOBzOnh,https://p.scdn.co/mp3-preview/304927122d9ce05a4ac0e2399ba4109a77f605fb?cid=0c571addac5347aa9932ddc72e415d79,1997-03-04,"['boy band', 'dance pop', 'pop rock']",74,0.555,0.698,-8.874,0.0287,0.403,0.0,0.0851,0.816,168.12,0,1,277267,pop
56,3C64V048fGyQfCjmu9TIGA,90s HITS | TOP 100 SONGS,130,user,myplay.com,"The best of the 1990s classics, from TLC, Backstreet Boys, Destiny's Child, *NSYNC, Mariah Carey, Christina Aguilera, Britney Spears, Jennifer Lopez + more.",https://open.spotify.com/user/myplay.com,2124941,nineties,Kiss Me,754kgU5rWscRTfvlsuEwFp,https://p.scdn.co/mp3-preview/3d12e73912650703fb1cc8c800b00d60b10d10e7?cid=0c571addac5347aa9932ddc72e415d79,1997-11-22,"['lilith', 'pop rock']",82,0.526,0.749,-6.964,0.0283,0.023,1.76e-06,0.0692,0.421,99.982,3,1,208680,pop
57,3C64V048fGyQfCjmu9TIGA,90s HITS | TOP 100 SONGS,130,user,myplay.com,"The best of the 1990s classics, from TLC, Backstreet Boys, Destiny's Child, *NSYNC, Mariah Carey, Christina Aguilera, Britney Spears, Jennifer Lopez + more.",https://open.spotify.com/user/myplay.com,2124941,nineties,Torn,1Jaah2tmN9Hv81A87KZ1MU,https://p.scdn.co/mp3-preview/c35abb89d4f217aa1bb309faab7c7266cdb46c59?cid=0c571addac5347aa9932ddc72e415d79,1997-11-10,"['dance pop', 'europop', 'lilith', 'new wave pop', 'pop rock']",79,0.575,0.886,-5.182,0.034,0.0647,0.000187,0.709,0.609,96.31,5,1,244667,pop
58,3C64V048fGyQfCjmu9TIGA,90s HITS | TOP 100 SONGS,130,user,myplay.com,"The best of the 1990s classics, from TLC, Backstreet Boys, Destiny's Child, *NSYNC, Mariah Carey, Christina Aguilera, Britney Spears, Jennifer Lopez + more.",https://open.spotify.com/user/myplay.com,2124941,nineties,Butterfly,4BggEwLhGfrbrl7JBhC8EC,https://p.scdn.co/mp3-preview/9d3bbc954641720af57379d0ef40a9e3dd807335?cid=0c571addac5347aa9932ddc72e415d79,1999-11-04,"['alternative metal', 'funk metal', 'nu metal', 'post-grunge', 'rap rock']",76,0.736,0.811,-4.17,0.081,0.00132,0.000142,0.107,0.609,103.502,9,0,216733,metal
59,3C64V048fGyQfCjmu9TIGA,90s HITS | TOP 100 SONGS,130,user,myplay.com,"The best of the 1990s classics, from TLC, Backstreet Boys, Destiny's Child, *NSYNC, Mariah Carey, Christina Aguilera, Britney Spears, Jennifer Lopez + more.",https://open.spotify.com/user/myplay.com,2124941,nineties,It's All Coming Back to Me Now,5EQzuYfTZt7B2LqlvTF49l,https://p.scdn.co/mp3-preview/90b551f65e376f64a9759bcbc97163cb5b268a18?cid=0c571addac5347aa9932ddc72e415d79,1996-03-11,['canadian pop'],75,0.384,0.438,-9.149,0.0362,0.753,0.0,0.101,0.287,87.903,0,1,456867,pop
60,3C64V048fGyQfCjmu9TIGA,90s HITS | TOP 100 SONGS,130,user,myplay.com,"The best of the 1990s classics, from TLC, Backstreet Boys, Destiny's Child, *NSYNC, Mariah Carey, Christina Aguilera, Britney Spears, Jennifer Lopez + more.",https://open.spotify.com/user/myplay.com,2124941,nineties,Knockin' On Heaven's Door,4JiEyzf0Md7KEFFGWDDdCr,https://p.scdn.co/mp3-preview/78914815856c67e274e7facedced537fe96dcfe7?cid=0c571addac5347aa9932ddc72e415d79,1991-09-18,"['glam metal', 'hard rock', 'rock']",82,0.496,0.739,-7.193,0.0415,0.0211,0.00444,0.106,0.378,132.41,6,1,336000,rock
61,3C64V048fGyQfCjmu9TIGA,90s HITS | TOP 100 SONGS,130,user,myplay.com,"The best of the 1990s classics, from TLC, Backstreet Boys, Destiny's Child, *NSYNC, Mariah Carey, Christina Aguilera, Britney Spears, Jennifer Lopez + more.",https://open.spotify.com/user/myplay.com,2124941,nineties,Genie In a Bottle,11mwFrKvLXCbcVGNxffGyP,https://p.scdn.co/mp3-preview/06d1b4ae1b631b29bbfd8b9a66a37f18dd73713a?cid=0c571addac5347aa9932ddc72e415d79,1999,"['dance pop', 'pop']",76,0.633,0.8,-6.945,0.166,0.209,0.000123,0.137,0.913,175.716,1,1,217573,pop
62,3C64V048fGyQfCjmu9TIGA,90s HITS | TOP 100 SONGS,130,user,myplay.com,"The best of the 1990s classics, from TLC, Backstreet Boys, Destiny's Child, *NSYNC, Mariah Carey, Christina Aguilera, Britney Spears, Jennifer Lopez + more.",https://open.spotify.com/user/myplay.com,2124941,nineties,Santeria,2hnMS47jN0etwvFPzYk11f,https://p.scdn.co/mp3-preview/9bd14340e2c557e2e9cdc454f0820b20dd48100e?cid=0c571addac5347aa9932ddc72e415d79,1996-07-30,"['rap rock', 'reggae fusion', 'ska mexicano', 'ska punk']",82,0.682,0.765,-5.021,0.0395,0.0268,3.42e-05,0.188,0.567,90.807,1,0,182747,rock
63,3C64V048fGyQfCjmu9TIGA,90s HITS | TOP 100 SONGS,130,user,myplay.com,"The best of the 1990s classics, from TLC, Backstreet Boys, Destiny's Child, *NSYNC, Mariah Carey, Christina Aguilera, Britney Spears, Jennifer Lopez + more.",https://open.spotify.com/user/myplay.com,2124941,nineties,Back for Good - Radio Mix,6vcdzohhBSbNdsZBh5IRpQ,https://p.scdn.co/mp3-preview/0a24721ab80a30ab192a9b1c0097569f40c65446?cid=0c571addac5347aa9932ddc72e415d79,1995-05-08,"['boy band', 'europop', 'talent show']",75,0.601,0.504,-9.761,0.0284,0.31,0.0,0.137,0.564,78.986,5,1,242267,pop
64,3C64V048fGyQfCjmu9TIGA,90s HITS | TOP 100 SONGS,130,user,myplay.com,"The best of the 1990s classics, from TLC, Backstreet Boys, Destiny's Child, *NSYNC, Mariah Carey, Christina Aguilera, Britney Spears, Jennifer Lopez + more.",https://open.spotify.com/user/myplay.com,2124941,nineties,Steal My Sunshine - Single Version,5Muvh0ooAJkSgBylFyI3su,https://p.scdn.co/mp3-preview/bd5b6c7d7048c86709f5709e3704e0fa6ea6f375?cid=0c571addac5347aa9932ddc72e415d79,1999-09-06,['canadian rock'],59,0.405,0.944,-8.473,0.249,0.527,0.0,0.214,0.71,192.147,4,1,211467,rock
65,3C64V048fGyQfCjmu9TIGA,90s HITS | TOP 100 SONGS,130,user,myplay.com,"The best of the 1990s classics, from TLC, Backstreet Boys, Destiny's Child, *NSYNC, Mariah Carey, Christina Aguilera, Britney Spears, Jennifer Lopez + more.",https://open.spotify.com/user/myplay.com,2124941,nineties,Smells Like Teen Spirit,5ghIJDpPoe3CfHMGu71E6T,https://p.scdn.co/mp3-preview/91219ebc0d0505a1001c4b854f8b2451fcec95b8?cid=0c571addac5347aa9932ddc72e415d79,1991-09-26,"['grunge', 'permanent wave', 'rock']",81,0.502,0.912,-4.556,0.0564,2.55e-05,0.000173,0.106,0.72,116.761,1,1,301920,rock
66,3C64V048fGyQfCjmu9TIGA,90s HITS | TOP 100 SONGS,130,user,myplay.com,"The best of the 1990s classics, from TLC, Backstreet Boys, Destiny's Child, *NSYNC, Mariah Carey, Christina Aguilera, Britney Spears, Jennifer Lopez + more.",https://open.spotify.com/user/myplay.com,2124941,nineties,Remember the Time,4jnFqNWeJCeCRHc4HCdxfd,https://p.scdn.co/mp3-preview/4ea719dd3e633874e12f1617c1b8289f12ea10a6?cid=0c571addac5347aa9932ddc72e415d79,1991-11-13,"['r&b', 'soul']",75,0.831,0.921,-2.383,0.0582,0.153,0.00224,0.305,0.795,108.002,5,0,239227,r&b
67,3C64V048fGyQfCjmu9TIGA,90s HITS | TOP 100 SONGS,130,user,myplay.com,"The best of the 1990s classics, from TLC, Backstreet Boys, Destiny's Child, *NSYNC, Mariah Carey, Christina Aguilera, Britney Spears, Jennifer Lopez + more.",https://open.spotify.com/user/myplay.com,2124941,nineties,Fade Into You,1LzNfuep1bnAUR9skqdHCK,https://p.scdn.co/mp3-preview/0dcffaf83437720696060e3a836b91eb9f47bba3?cid=0c571addac5347aa9932ddc72e415d79,1993-10-05,"['dream pop', 'melancholia', 'shoegaze', 'slowcore']",82,0.42,0.33,-13.925,0.0275,0.245,0.000679,0.0677,0.175,157.143,9,1,295600,pop
68,3C64V048fGyQfCjmu9TIGA,90s HITS | TOP 100 SONGS,130,user,myplay.com,"The best of the 1990s classics, from TLC, Backstreet Boys, Destiny's Child, *NSYNC, Mariah Carey, Christina Aguilera, Britney Spears, Jennifer Lopez + more.",https://open.spotify.com/user/myplay.com,2124941,nineties,Even Flow,6QewNVIDKdSl8Y3ycuHIei,https://p.scdn.co/mp3-preview/140dbc5942f12eeec92a28648e5b325ea71fb6ae?cid=0c571addac5347aa9932ddc72e415d79,1991-08-27,"['alternative metal', 'alternative rock', 'classic rock', 'grunge', 'permanent wave', 'rock']",81,0.394,0.944,-6.506,0.0761,0.00178,4.54e-06,0.298,0.265,105.338,10,0,292581,rock
69,3C64V048fGyQfCjmu9TIGA,90s HITS | TOP 100 SONGS,130,user,myplay.com,"The best of the 1990s classics, from TLC, Backstreet Boys, Destiny's Child, *NSYNC, Mariah Carey, Christina Aguilera, Britney Spears, Jennifer Lopez + more.",https://open.spotify.com/user/myplay.com,2124941,nineties,Two Princes,4ePP9So5xRzspjLFVVbj90,https://p.scdn.co/mp3-preview/b741259c548773ebdec00064db7c82cf1b9aab1d?cid=0c571addac5347aa9932ddc72e415d79,1991-08-27,"['alternative rock', 'pop rock', 'post-grunge']",74,0.543,0.912,-10.71,0.0601,0.00162,2.1e-06,0.0565,0.836,103.731,7,1,256733,rock
70,3C64V048fGyQfCjmu9TIGA,90s HITS | TOP 100 SONGS,130,user,myplay.com,"The best of the 1990s classics, from TLC, Backstreet Boys, Destiny's Child, *NSYNC, Mariah Carey, Christina Aguilera, Britney Spears, Jennifer Lopez + more.",https://open.spotify.com/user/myplay.com,2124941,nineties,Jump,27AHAtAirQapVldIm4c9ZX,https://p.scdn.co/mp3-preview/3bfd22ebed8273e6ba6494f72db262a58aaf5f04?cid=0c571addac5347aa9932ddc72e415d79,1992-03-17,"['gangster rap', 'hardcore hip hop', 'hip hop', 'hip pop', 'old school atlanta hip hop']",70,0.749,0.745,-10.625,0.164,0.000501,0.00403,0.333,0.481,101.972,2,1,195107,pop
71,3C64V048fGyQfCjmu9TIGA,90s HITS | TOP 100 SONGS,130,user,myplay.com,"The best of the 1990s classics, from TLC, Backstreet Boys, Destiny's Child, *NSYNC, Mariah Carey, Christina Aguilera, Britney Spears, Jennifer Lopez + more.",https://open.spotify.com/user/myplay.com,2124941,nineties,"Independent Women, Pt. 1",69XUpOpjzDKcfdxqZebGiI,https://p.scdn.co/mp3-preview/35339a11f3ced04937c61fdca65ed874b1a3e5b1?cid=0c571addac5347aa9932ddc72e415d79,2001-05-01,"['dance pop', 'girl group', 'pop', 'r&b', 'urban contemporary']",69,0.73,0.602,-3.782,0.206,0.362,3.69e-06,0.169,0.927,97.954,6,0,221133,pop
72,3C64V048fGyQfCjmu9TIGA,90s HITS | TOP 100 SONGS,130,user,myplay.com,"The best of the 1990s classics, from TLC, Backstreet Boys, Destiny's Child, *NSYNC, Mariah Carey, Christina Aguilera, Britney Spears, Jennifer Lopez + more.",https://open.spotify.com/user/myplay.com,2124941,nineties,Mr. Jones,5DiXcVovI0FcY2s0icWWUu,https://p.scdn.co/mp3-preview/66350d687f6596c2d75205b8a7ae507ebd19511d?cid=0c571addac5347aa9932ddc72e415d79,1993-01-01,"['neo mellow', 'pop rock', 'post-grunge', 'rock']",82,0.578,0.817,-6.542,0.0363,0.183,3.06e-06,0.285,0.726,141.621,0,1,272293,rock
73,3C64V048fGyQfCjmu9TIGA,90s HITS | TOP 100 SONGS,130,user,myplay.com,"The best of the 1990s classics, from TLC, Backstreet Boys, Destiny's Child, *NSYNC, Mariah Carey, Christina Aguilera, Britney Spears, Jennifer Lopez + more.",https://open.spotify.com/user/myplay.com,2124941,nineties,Step To Me - 7'' Mix,2HKwRUW59jYY7AAHOsIswy,https://p.scdn.co/mp3-preview/04f1598a184c1af36d6d9132739c333d25706715?cid=0c571addac5347aa9932ddc72e415d79,2022-09-27,"['dance pop', 'girl group', 'pop']",47,0.719,0.757,-6.163,0.0254,0.0302,0.0,0.169,0.896,102.974,2,1,245280,pop
74,3C64V048fGyQfCjmu9TIGA,90s HITS | TOP 100 SONGS,130,user,myplay.com,"The best of the 1990s classics, from TLC, Backstreet Boys, Destiny's Child, *NSYNC, Mariah Carey, Christina Aguilera, Britney Spears, Jennifer Lopez + more.",https://open.spotify.com/user/myplay.com,2124941,nineties,Criminal,6PNvv1dmDbOWrAYwEcuKBX,https://p.scdn.co/mp3-preview/426d5ed87f16f8500d313ff787d7df498b83c225?cid=0c571addac5347aa9932ddc72e415d79,1996-07-23,"['art pop', 'chamber pop', 'dark pop', 'lilith', 'permanent wave', 'piano rock', 'singer-songwriter']",67,0.595,0.804,-7.911,0.0326,0.0129,1.97e-05,0.299,0.586,89.846,7,0,341533,pop
75,3C64V048fGyQfCjmu9TIGA,90s HITS | TOP 100 SONGS,130,user,myplay.com,"The best of the 1990s classics, from TLC, Backstreet Boys, Destiny's Child, *NSYNC, Mariah Carey, Christina Aguilera, Britney Spears, Jennifer Lopez + more.",https://open.spotify.com/user/myplay.com,2124941,nineties,What a Girl Wants,5bGmuxShUba9maPswDnhCs,https://p.scdn.co/mp3-preview/e53424c96b8572f0680c82f90994e99ef4bc40b3?cid=0c571addac5347aa9932ddc72e415d79,1999,"['dance pop', 'pop']",66,0.754,0.819,-6.833,0.112,0.0684,0.0,0.345,0.818,142.137,0,1,215800,pop
76,3C64V048fGyQfCjmu9TIGA,90s HITS | TOP 100 SONGS,130,user,myplay.com,"The best of the 1990s classics, from TLC, Backstreet Boys, Destiny's Child, *NSYNC, Mariah Carey, Christina Aguilera, Britney Spears, Jennifer Lopez + more.",https://open.spotify.com/user/myplay.com,2124941,nineties,I Will Always Love You,4eHbdreAnSOrDDsFfc4Fpm,https://p.scdn.co/mp3-preview/db431eff82899d9af76c9156d66d29aa951c21d8?cid=0c571addac5347aa9932ddc72e415d79,1992-11-17,['dance pop'],80,0.332,0.214,-12.518,0.0349,0.845,5.62e-06,0.0839,0.11,67.531,4,1,271093,pop
77,3C64V048fGyQfCjmu9TIGA,90s HITS | TOP 100 SONGS,130,user,myplay.com,"The best of the 1990s classics, from TLC, Backstreet Boys, Destiny's Child, *NSYNC, Mariah Carey, Christina Aguilera, Britney Spears, Jennifer Lopez + more.",https://open.spotify.com/user/myplay.com,2124941,nineties,Good Riddance (Time of Your Life),6ORqU0bHbVCRjXm9AjyHyZ,https://p.scdn.co/mp3-preview/25e3289a356f376e09cc0089de4fcff05f1ec838?cid=0c571addac5347aa9932ddc72e415d79,1997-10-14,"['modern rock', 'permanent wave', 'punk', 'rock']",82,0.475,0.432,-7.844,0.0302,0.183,0.0,0.161,0.648,94.605,7,1,153467,rock
78,3C64V048fGyQfCjmu9TIGA,90s HITS | TOP 100 SONGS,130,user,myplay.com,"The best of the 1990s classics, from TLC, Backstreet Boys, Destiny's Child, *NSYNC, Mariah Carey, Christina Aguilera, Britney Spears, Jennifer Lopez + more.",https://open.spotify.com/user/myplay.com,2124941,nineties,Insane in the Brain,1oTHteQbmJw15rPxPVXUTv,https://p.scdn.co/mp3-preview/a39e9fdf3fd4ab28cd7267c31967f329a5aea0de?cid=0c571addac5347aa9932ddc72e415d79,1993-07-20,"['chicano rap', 'gangster rap', 'hip hop', 'rap rock', 'west coast rap']",77,0.897,0.611,-10.489,0.211,0.0291,0.186,0.0894,0.769,102.304,11,1,208267,rap
79,3C64V048fGyQfCjmu9TIGA,90s HITS | TOP 100 SONGS,130,user,myplay.com,"The best of the 1990s classics, from TLC, Backstreet Boys, Destiny's Child, *NSYNC, Mariah Carey, Christina Aguilera, Britney Spears, Jennifer Lopez + more.",https://open.spotify.com/user/myplay.com,2124941,nineties,Learn to Fly,5OQsiBsky2k2kDKy2bX2eT,https://p.scdn.co/mp3-preview/410537fea88c9d30eb7642d14f4658dd9b34afec?cid=0c571addac5347aa9932ddc72e415d79,1999-11-02,"['alternative metal', 'alternative rock', 'modern rock', 'permanent wave', 'post-grunge', 'rock']",80,0.465,0.919,-4.025,0.0408,1.83e-05,2.07e-05,0.262,0.537,135.997,4,1,235293,rock
80,3C64V048fGyQfCjmu9TIGA,90s HITS | TOP 100 SONGS,130,user,myplay.com,"The best of the 1990s classics, from TLC, Backstreet Boys, Destiny's Child, *NSYNC, Mariah Carey, Christina Aguilera, Britney Spears, Jennifer Lopez + more.",https://open.spotify.com/user/myplay.com,2124941,nineties,Freedom! '90 - Edit,0YuqaTaX6wdAI3mSR6LPQt,https://p.scdn.co/mp3-preview/b1073ab68bbf66642a6e0ece2fba17f94c864593?cid=0c571addac5347aa9932ddc72e415d79,2017-10-20,['new wave pop'],48,0.68,0.897,-7.32,0.0415,0.165,1.91e-05,0.0668,0.894,91.776,5,1,321803,pop
81,3C64V048fGyQfCjmu9TIGA,90s HITS | TOP 100 SONGS,130,user,myplay.com,"The best of the 1990s classics, from TLC, Backstreet Boys, Destiny's Child, *NSYNC, Mariah Carey, Christina Aguilera, Britney Spears, Jennifer Lopez + more.",https://open.spotify.com/user/myplay.com,2124941,nineties,Everlong,5UWwZ5lm5PKu6eKsHAGxOk,https://p.scdn.co/mp3-preview/78fd3872e0fa5940b2a36654f07f11e7119be4e2?cid=0c571addac5347aa9932ddc72e415d79,1997-05-20,"['alternative metal', 'alternative rock', 'modern rock', 'permanent wave', 'post-grunge', 'rock']",87,0.413,0.881,-5.541,0.0367,5.99e-05,0.000308,0.0805,0.364,158.066,11,0,250547,rock
82,3C64V048fGyQfCjmu9TIGA,90s HITS | TOP 100 SONGS,130,user,myplay.com,"The best of the 1990s classics, from TLC, Backstreet Boys, Destiny's Child, *NSYNC, Mariah Carey, Christina Aguilera, Britney Spears, Jennifer Lopez + more.",https://open.spotify.com/user/myplay.com,2124941,nineties,They Don't Care About Us,3wuCCNCnBhJlwkIJTBZFiv,https://p.scdn.co/mp3-preview/bd1e519e31341a8bdebb46c96f759d74e18e98c5?cid=0c571addac5347aa9932ddc72e415d79,1995-06-16,"['r&b', 'soul']",75,0.859,0.905,-5.539,0.129,0.205,0.00837,0.322,0.731,89.946,0,0,284160,r&b
83,3C64V048fGyQfCjmu9TIGA,90s HITS | TOP 100 SONGS,130,user,myplay.com,"The best of the 1990s classics, from TLC, Backstreet Boys, Destiny's Child, *NSYNC, Mariah Carey, Christina Aguilera, Britney Spears, Jennifer Lopez + more.",https://open.spotify.com/user/myplay.com,2124941,nineties,Cherry Pie,7LygtNjQ65PSdzVjUnHXQb,https://p.scdn.co/mp3-preview/f7cf53d1feacf1886bb7410bb13d8ed219f566a3?cid=0c571addac5347aa9932ddc72e415d79,1990-10-14,"['album rock', 'glam metal', 'hard rock']",66,0.472,0.946,-4.591,0.145,0.0372,0.0,0.352,0.486,177.489,2,1,201027,rock
84,3C64V048fGyQfCjmu9TIGA,90s HITS | TOP 100 SONGS,130,user,myplay.com,"The best of the 1990s classics, from TLC, Backstreet Boys, Destiny's Child, *NSYNC, Mariah Carey, Christina Aguilera, Britney Spears, Jennifer Lopez + more.",https://open.spotify.com/user/myplay.com,2124941,nineties,Virtual Insanity - Remastered,2hNaljpWGHzwcIvkPIHMk7,https://p.scdn.co/mp3-preview/131541b8029b8613ff0ebef49e26aed5bfca795e?cid=0c571addac5347aa9932ddc72e415d79,2006-11-06,['dance pop'],63,0.662,0.949,-4.758,0.108,0.128,0.0,0.135,0.516,91.954,6,1,229360,pop
85,3C64V048fGyQfCjmu9TIGA,90s HITS | TOP 100 SONGS,130,user,myplay.com,"The best of the 1990s classics, from TLC, Backstreet Boys, Destiny's Child, *NSYNC, Mariah Carey, Christina Aguilera, Britney Spears, Jennifer Lopez + more.",https://open.spotify.com/user/myplay.com,2124941,nineties,Fantasy (feat. O.D.B.),2itAOPLerxnnc8KXHMqPWu,https://p.scdn.co/mp3-preview/ce5d74be4e90baa5c99016e8cfec43c12caa27ac?cid=0c571addac5347aa9932ddc72e415d79,2003-10-14,"['dance pop', 'pop', 'urban contemporary']",62,0.837,0.548,-9.658,0.116,0.0407,0.0,0.05,0.821,102.497,2,1,290467,pop
86,3C64V048fGyQfCjmu9TIGA,90s HITS | TOP 100 SONGS,130,user,myplay.com,"The best of the 1990s classics, from TLC, Backstreet Boys, Destiny's Child, *NSYNC, Mariah Carey, Christina Aguilera, Britney Spears, Jennifer Lopez + more.",https://open.spotify.com/user/myplay.com,2124941,nineties,Inside Out,4GiVcDqNQI0fc0yYuRGH9m,https://p.scdn.co/mp3-preview/f65978eadd74049f4bb668bf39466cac0ef0bc86?cid=0c571addac5347aa9932ddc72e415d79,1998,"['alternative metal', 'pop rock', 'post-grunge']",71,0.483,0.818,-7.666,0.0444,0.114,0.0,0.367,0.691,175.668,11,1,219467,pop
87,3C64V048fGyQfCjmu9TIGA,90s HITS | TOP 100 SONGS,130,user,myplay.com,"The best of the 1990s classics, from TLC, Backstreet Boys, Destiny's Child, *NSYNC, Mariah Carey, Christina Aguilera, Britney Spears, Jennifer Lopez + more.",https://open.spotify.com/user/myplay.com,2124941,nineties,Meet Virginia,4ocbH5ZJqajZIpUrqRUoue,https://p.scdn.co/mp3-preview/8af87a708b51a913ca37a68da040ed1555e6cc75?cid=0c571addac5347aa9932ddc72e415d79,1998-02-24,"['dance pop', 'neo mellow', 'pop', 'pop rock']",66,0.675,0.553,-7.775,0.0486,0.0863,7.58e-06,0.118,0.594,90.02,7,1,239933,pop
88,3C64V048fGyQfCjmu9TIGA,90s HITS | TOP 100 SONGS,130,user,myplay.com,"The best of the 1990s classics, from TLC, Backstreet Boys, Destiny's Child, *NSYNC, Mariah Carey, Christina Aguilera, Britney Spears, Jennifer Lopez + more.",https://open.spotify.com/user/myplay.com,2124941,nineties,Hero,4FCb4CUbFCMNRkI6lYc1zI,https://p.scdn.co/mp3-preview/5fe0438557a659c437922d454a9ec3b19376a7f8?cid=0c571addac5347aa9932ddc72e415d79,1993-08-31,"['dance pop', 'pop', 'urban contemporary']",73,0.501,0.378,-9.37,0.029,0.735,0.0,0.119,0.178,119.987,4,1,257733,pop
89,3C64V048fGyQfCjmu9TIGA,90s HITS | TOP 100 SONGS,130,user,myplay.com,"The best of the 1990s classics, from TLC, Backstreet Boys, Destiny's Child, *NSYNC, Mariah Carey, Christina Aguilera, Britney Spears, Jennifer Lopez + more.",https://open.spotify.com/user/myplay.com,2124941,nineties,Doo Wop (That Thing),0uEp9E98JB5awlA084uaIg,https://p.scdn.co/mp3-preview/feb1c988c1940d63a3af836f2965f04177dc24c9?cid=0c571addac5347aa9932ddc72e415d79,1998-08-25,"['alternative r&b', 'conscious hip hop', 'hip hop', 'neo soul', 'new jersey rap', 'r&b', 'soul']",78,0.535,0.505,-8.926,0.245,0.0393,0.0,0.0923,0.495,99.935,2,0,320267,r&b
90,3C64V048fGyQfCjmu9TIGA,90s HITS | TOP 100 SONGS,130,user,myplay.com,"The best of the 1990s classics, from TLC, Backstreet Boys, Destiny's Child, *NSYNC, Mariah Carey, Christina Aguilera, Britney Spears, Jennifer Lopez + more.",https://open.spotify.com/user/myplay.com,2124941,nineties,Would? (2022 Remaster),5sFDReWLrZHLFZFjHsjUTS,https://p.scdn.co/mp3-preview/1343c561e5b037af86835365ee0bb9718c20ae11?cid=0c571addac5347aa9932ddc72e415d79,1992-09-29,"['alternative metal', 'alternative rock', 'grunge', 'hard rock', 'nu metal', 'rock']",77,0.305,0.833,-7.981,0.0398,0.000327,2.36e-05,0.091,0.586,100.675,6,1,206773,rock
91,3C64V048fGyQfCjmu9TIGA,90s HITS | TOP 100 SONGS,130,user,myplay.com,"The best of the 1990s classics, from TLC, Backstreet Boys, Destiny's Child, *NSYNC, Mariah Carey, Christina Aguilera, Britney Spears, Jennifer Lopez + more.",https://open.spotify.com/user/myplay.com,2124941,nineties,Man in the Box,6gZVQvQZOFpzIy3HblJ20F,https://p.scdn.co/mp3-preview/68dbc11f83265b4edfe18c5d968a6de048a388dd?cid=0c571addac5347aa9932ddc72e415d79,1990-08-01,"['alternative metal', 'alternative rock', 'grunge', 'hard rock', 'nu metal', 'rock']",77,0.355,0.791,-7.565,0.0453,0.00045,0.0,0.0969,0.758,106.392,8,1,285200,rock
92,3C64V048fGyQfCjmu9TIGA,90s HITS | TOP 100 SONGS,130,user,myplay.com,"The best of the 1990s classics, from TLC, Backstreet Boys, Destiny's Child, *NSYNC, Mariah Carey, Christina Aguilera, Britney Spears, Jennifer Lopez + more.",https://open.spotify.com/user/myplay.com,2124941,nineties,It's Not Right But It's Okay,7861kBrZ5aw7o4NfggcyYW,https://p.scdn.co/mp3-preview/603ef55d402d682905f46b182a541afbbc975611?cid=0c571addac5347aa9932ddc72e415d79,1998-11-17,['dance pop'],69,0.805,0.802,-7.076,0.1,0.162,0.000883,0.0698,0.531,127.924,1,1,292400,pop
93,3C64V048fGyQfCjmu9TIGA,90s HITS | TOP 100 SONGS,130,user,myplay.com,"The best of the 1990s classics, from TLC, Backstreet Boys, Destiny's Child, *NSYNC, Mariah Carey, Christina Aguilera, Britney Spears, Jennifer Lopez + more.",https://open.spotify.com/user/myplay.com,2124941,nineties,Freak On a Leash,6W21LNLz9Sw7sUSNWMSHRu,https://p.scdn.co/mp3-preview/1748e7fff0689e02eed3deebaf7837afabbe8657?cid=0c571addac5347aa9932ddc72e415d79,1998-08-18,"['alternative metal', 'funk metal', 'hard rock', 'nu metal', 'post-grunge', 'rap metal', 'rock']",79,0.353,0.898,-5.877,0.052,2.23e-05,0.105,0.39,0.525,103.293,2,1,255733,metal
94,3C64V048fGyQfCjmu9TIGA,90s HITS | TOP 100 SONGS,130,user,myplay.com,"The best of the 1990s classics, from TLC, Backstreet Boys, Destiny's Child, *NSYNC, Mariah Carey, Christina Aguilera, Britney Spears, Jennifer Lopez + more.",https://open.spotify.com/user/myplay.com,2124941,nineties,If I Ruled the World (Imagine That) (feat. Lauryn Hill),5PQmSHzWnlgG4EBuIqjac2,https://p.scdn.co/mp3-preview/7abb95c11258791deb81c381c14519fabb3abaf1?cid=0c571addac5347aa9932ddc72e415d79,1996-07-02,"['conscious hip hop', 'east coast hip hop', 'gangster rap', 'hardcore hip hop', 'hip hop', 'queens hip hop', 'rap']",74,0.879,0.564,-7.682,0.247,0.0474,9.43e-06,0.0519,0.523,93.908,10,0,282373,rap
95,3C64V048fGyQfCjmu9TIGA,90s HITS | TOP 100 SONGS,130,user,myplay.com,"The best of the 1990s classics, from TLC, Backstreet Boys, Destiny's Child, *NSYNC, Mariah Carey, Christina Aguilera, Britney Spears, Jennifer Lopez + more.",https://open.spotify.com/user/myplay.com,2124941,nineties,Hits from the Bong,0cfqYhY6B8PbGF9vaVNUeG,https://p.scdn.co/mp3-preview/8ec707f9fe27887b2fe5278059a89c011e4ad8b9?cid=0c571addac5347aa9932ddc72e415d79,1993-07-20,"['chicano rap', 'gangster rap', 'hip hop', 'rap rock', 'west coast rap']",71,0.803,0.578,-13.264,0.182,0.0103,0.812,0.199,0.499,92.175,1,1,160867,rap
96,3C64V048fGyQfCjmu9TIGA,90s HITS | TOP 100 SONGS,130,user,myplay.com,"The best of the 1990s classics, from TLC, Backstreet Boys, Destiny's Child, *NSYNC, Mariah Carey, Christina Aguilera, Britney Spears, Jennifer Lopez + more.",https://open.spotify.com/user/myplay.com,2124941,nineties,Un-Break My Heart,5Ihd9HrPvOADyVoonH9ZjB,https://p.scdn.co/mp3-preview/c73d0311585a0ad805eee20a62dde424afc4f9ff?cid=0c571addac5347aa9932ddc72e415d79,1996-06-18,"['contemporary r&b', 'dance pop', 'r&b', 'urban contemporary']",71,0.625,0.426,-8.4,0.0271,0.412,0.0,0.116,0.112,110.021,2,0,270333,r&b
97,3C64V048fGyQfCjmu9TIGA,90s HITS | TOP 100 SONGS,130,user,myplay.com,"The best of the 1990s classics, from TLC, Backstreet Boys, Destiny's Child, *NSYNC, Mariah Carey, Christina Aguilera, Britney Spears, Jennifer Lopez + more.",https://open.spotify.com/user/myplay.com,2124941,nineties,I Have Nothing,31er9IGsfFbwqy1pH4aiTP,https://p.scdn.co/mp3-preview/5c8f741d2fb049a966c087b9942781f715ebdbc9?cid=0c571addac5347aa9932ddc72e415d79,1992-11-17,['dance pop'],78,0.541,0.401,-10.499,0.0365,0.576,0.0,0.164,0.24,152.943,0,1,289160,pop
98,3C64V048fGyQfCjmu9TIGA,90s HITS | TOP 100 SONGS,130,user,myplay.com,"The best of the 1990s classics, from TLC, Backstreet Boys, Destiny's Child, *NSYNC, Mariah Carey, Christina Aguilera, Britney Spears, Jennifer Lopez + more.",https://open.spotify.com/user/myplay.com,2124941,nineties,Walking on Broken Glass,4CcSw8wQAHYf4XNckayPoc,https://p.scdn.co/mp3-preview/7169f00bce3ef6e55a655c5a3a641ed0e87f1e56?cid=0c571addac5347aa9932ddc72e415d79,1992-04-02,"['new romantic', 'new wave', 'new wave pop', 'singer-songwriter', 'soft rock', 'synthpop']",70,0.749,0.562,-8.45,0.0281,0.215,1.1e-06,0.105,0.807,115.008,0,1,253296,pop
99,3C64V048fGyQfCjmu9TIGA,90s HITS | TOP 100 SONGS,130,user,myplay.com,"The best of the 1990s classics, from TLC, Backstreet Boys, Destiny's Child, *NSYNC, Mariah Carey, Christina Aguilera, Britney Spears, Jennifer Lopez + more.",https://open.spotify.com/user/myplay.com,2124941,nineties,She's so High,7mnGQesk1TzQLzQ9bYWZPR,https://p.scdn.co/mp3-preview/ad27f259430b96e32b82733a5f3272cb6bf3f2e5?cid=0c571addac5347aa9932ddc72e415d79,1999-02-23,['pop rock'],75,0.537,0.84,-4.626,0.0363,0.2,2.15e-06,0.0998,0.211,124.269,9,1,224693,pop
100,3C64V048fGyQfCjmu9TIGA,90s HITS | TOP 100 SONGS,130,user,myplay.com,"The best of the 1990s classics, from TLC, Backstreet Boys, Destiny's Child, *NSYNC, Mariah Carey, Christina Aguilera, Britney Spears, Jennifer Lopez + more.",https://open.spotify.com/user/myplay.com,2124941,nineties,Tomorrow,24tO365YW6lcZr1hN4Ukzj,https://p.scdn.co/mp3-preview/a2b8a3af3004d70311bd67d526db72e554443cfc?cid=0c571addac5347aa9932ddc72e415d79,1995-03-27,"['alternative metal', 'alternative rock', 'australian alternative rock', 'australian psych', 'grunge', 'nu metal', 'post-grunge']",66,0.292,0.714,-4.919,0.0316,0.000658,0.000109,0.102,0.462,151.412,2,1,266280,alternative
101,3C64V048fGyQfCjmu9TIGA,90s HITS | TOP 100 SONGS,130,user,myplay.com,"The best of the 1990s classics, from TLC, Backstreet Boys, Destiny's Child, *NSYNC, Mariah Carey, Christina Aguilera, Britney Spears, Jennifer Lopez + more.",https://open.spotify.com/user/myplay.com,2124941,nineties,Runaway Train (2022 Remaster),3TW48DvQ7ChwY1Yy1tkMaP,https://p.scdn.co/mp3-preview/0fd3098d25337ae427ba099282e22e2055632bfa?cid=0c571addac5347aa9932ddc72e415d79,1992-10-06,"['alternative rock', 'grunge', 'permanent wave', 'pop rock', 'post-grunge']",74,0.613,0.72,-7.957,0.0425,0.0132,0.0,0.104,0.561,117.341,0,1,265867,rock
102,3C64V048fGyQfCjmu9TIGA,90s HITS | TOP 100 SONGS,130,user,myplay.com,"The best of the 1990s classics, from TLC, Backstreet Boys, Destiny's Child, *NSYNC, Mariah Carey, Christina Aguilera, Britney Spears, Jennifer Lopez + more.",https://open.spotify.com/user/myplay.com,2124941,nineties,"Bills, Bills, Bills",1Oi2zpmL81Q0yScF1zxaC0,https://p.scdn.co/mp3-preview/f993b54e7d53b6f54d493749da7908a8ab61914f?cid=0c571addac5347aa9932ddc72e415d79,1999-07-27,"['dance pop', 'girl group', 'pop', 'r&b', 'urban contemporary']",74,0.845,0.576,-5.15,0.153,0.139,0.0,0.0764,0.461,127.641,11,0,256027,pop
103,3C64V048fGyQfCjmu9TIGA,90s HITS | TOP 100 SONGS,130,user,myplay.com,"The best of the 1990s classics, from TLC, Backstreet Boys, Destiny's Child, *NSYNC, Mariah Carey, Christina Aguilera, Britney Spears, Jennifer Lopez + more.",https://open.spotify.com/user/myplay.com,2124941,nineties,Shimmer,74KI6d8jEM2zwOAo3luayU,https://p.scdn.co/mp3-preview/0534777a632c856f595b3dbdaf54df8abdafbd85?cid=0c571addac5347aa9932ddc72e415d79,1997,"['alternative metal', 'nu metal', 'post-grunge']",66,0.48,0.795,-6.408,0.0421,0.00236,0.0,0.189,0.432,114.674,4,0,214107,metal
104,3C64V048fGyQfCjmu9TIGA,90s HITS | TOP 100 SONGS,130,user,myplay.com,"The best of the 1990s classics, from TLC, Backstreet Boys, Destiny's Child, *NSYNC, Mariah Carey, Christina Aguilera, Britney Spears, Jennifer Lopez + more.",https://open.spotify.com/user/myplay.com,2124941,nineties,Sunny Came Home,4mOxpj82q6n3EO7HBZCelX,https://p.scdn.co/mp3-preview/2b61611445aef0e42d6ee5791b2aa3bab8d5c10e?cid=0c571addac5347aa9932ddc72e415d79,1996-09-30,"['austin singer-songwriter', 'ectofolk', 'folk', 'lilith', 'new wave pop', 'singer-songwriter']",57,0.558,0.579,-8.05,0.0324,0.342,0.00831,0.0989,0.403,167.812,11,0,264200,folk
105,3C64V048fGyQfCjmu9TIGA,90s HITS | TOP 100 SONGS,130,user,myplay.com,"The best of the 1990s classics, from TLC, Backstreet Boys, Destiny's Child, *NSYNC, Mariah Carey, Christina Aguilera, Britney Spears, Jennifer Lopez + more.",https://open.spotify.com/user/myplay.com,2124941,nineties,"Because You Loved Me (Theme from ""Up Close and Personal"")",28UMiBhn383n9S7GL4tsxD,https://p.scdn.co/mp3-preview/0eb419f98637381b3d5ef232c909eb541231ee37?cid=0c571addac5347aa9932ddc72e415d79,1996-03-11,['canadian pop'],76,0.615,0.467,-9.883,0.0327,0.314,0.0,0.099,0.177,119.919,1,1,273667,pop
106,3C64V048fGyQfCjmu9TIGA,90s HITS | TOP 100 SONGS,130,user,myplay.com,"The best of the 1990s classics, from TLC, Backstreet Boys, Destiny's Child, *NSYNC, Mariah Carey, Christina Aguilera, Britney Spears, Jennifer Lopez + more.",https://open.spotify.com/user/myplay.com,2124941,nineties,Last Kiss,0QnONzv3TvHAWk294h6DaQ,https://p.scdn.co/mp3-preview/083e2353ef0b32995c84626204cca20ae0f704e0?cid=0c571addac5347aa9932ddc72e415d79,1999,"['alternative metal', 'alternative rock', 'classic rock', 'grunge', 'permanent wave', 'rock']",75,0.622,0.692,-6.97,0.0276,0.363,0.000158,0.193,0.774,112.053,7,1,195467,rock
107,3C64V048fGyQfCjmu9TIGA,90s HITS | TOP 100 SONGS,130,user,myplay.com,"The best of the 1990s classics, from TLC, Backstreet Boys, Destiny's Child, *NSYNC, Mariah Carey, Christina Aguilera, Britney Spears, Jennifer Lopez + more.",https://open.spotify.com/user/myplay.com,2124941,nineties,If I Let You Go - Radio Edit,3St0RlsL0Z0klK1mqWakQm,https://p.scdn.co/mp3-preview/a06635f1541717c67f7ec75d14cb53b68425b1b9?cid=0c571addac5347aa9932ddc72e415d79,1999-11-01,['boy band'],70,0.581,0.678,-4.242,0.0284,0.00669,0.0,0.0807,0.677,181.991,0,1,221267,uncategorized
108,3C64V048fGyQfCjmu9TIGA,90s HITS | TOP 100 SONGS,130,user,myplay.com,"The best of the 1990s classics, from TLC, Backstreet Boys, Destiny's Child, *NSYNC, Mariah Carey, Christina Aguilera, Britney Spears, Jennifer Lopez + more.",https://open.spotify.com/user/myplay.com,2124941,nineties,Daughter - Remastered,53eJFr4Mfbw5PXJ01K6cFw,https://p.scdn.co/mp3-preview/78311745e8fc6229d80ee4bd44e45738ca20d93b?cid=0c571addac5347aa9932ddc72e415d79,1993-10-19,"['alternative metal', 'alternative rock', 'classic rock', 'grunge', 'permanent wave', 'rock']",72,0.615,0.702,-9.686,0.0278,0.00746,0.00431,0.0608,0.734,96.987,7,1,234333,rock
109,3C64V048fGyQfCjmu9TIGA,90s HITS | TOP 100 SONGS,130,user,myplay.com,"The best of the 1990s classics, from TLC, Backstreet Boys, Destiny's Child, *NSYNC, Mariah Carey, Christina Aguilera, Britney Spears, Jennifer Lopez + more.",https://open.spotify.com/user/myplay.com,2124941,nineties,Are You Ready,7A1odihHBrI8n9k0Fefh2j,https://p.scdn.co/mp3-preview/fbb3b6eb9a77c184b68d8df0a69b8fe1559bc503?cid=0c571addac5347aa9932ddc72e415d79,1990-09-24,"['australian rock', 'hard rock', 'rock']",64,0.452,0.821,-4.816,0.0324,0.0165,3.53e-06,0.13,0.414,108.529,7,1,250333,rock
110,3C64V048fGyQfCjmu9TIGA,90s HITS | TOP 100 SONGS,130,user,myplay.com,"The best of the 1990s classics, from TLC, Backstreet Boys, Destiny's Child, *NSYNC, Mariah Carey, Christina Aguilera, Britney Spears, Jennifer Lopez + more.",https://open.spotify.com/user/myplay.com,2124941,nineties,The Distance,0fsz7tJ7UKXT9hliLfO7aE,https://p.scdn.co/mp3-preview/2f7fdc3170133cb9ea71901478b177845c291534?cid=0c571addac5347aa9932ddc72e415d79,1996-09-17,"['alternative rock', 'pop rock', 'post-grunge', 'sacramento indie']",64,0.456,0.752,-8.121,0.09,0.0095,0.00145,0.0573,0.897,183.569,11,0,179600,rock
111,3C64V048fGyQfCjmu9TIGA,90s HITS | TOP 100 SONGS,130,user,myplay.com,"The best of the 1990s classics, from TLC, Backstreet Boys, Destiny's Child, *NSYNC, Mariah Carey, Christina Aguilera, Britney Spears, Jennifer Lopez + more.",https://open.spotify.com/user/myplay.com,2124941,nineties,C'est La Vie,0P6CPJrNJ1Zt755CQTWg3S,https://p.scdn.co/mp3-preview/a1674d8e5376de5fd4296de36f7e0ec922a6b9fa?cid=0c571addac5347aa9932ddc72e415d79,1998-03-25,"['europop', 'girl group']",66,0.705,0.936,-5.109,0.0306,0.0978,0.000124,0.0506,0.938,109.004,7,1,173693,pop
112,3C64V048fGyQfCjmu9TIGA,90s HITS | TOP 100 SONGS,130,user,myplay.com,"The best of the 1990s classics, from TLC, Backstreet Boys, Destiny's Child, *NSYNC, Mariah Carey, Christina Aguilera, Britney Spears, Jennifer Lopez + more.",https://open.spotify.com/user/myplay.com,2124941,nineties,My Boo - Hitman's Club Mix,4c0rkFPszqQTyC753tsCMU,https://p.scdn.co/mp3-preview/6ab47114a4756eaa7857b55d6452a3d445d786fc?cid=0c571addac5347aa9932ddc72e415d79,1996-03-26,['atlanta bass'],65,0.885,0.477,-9.196,0.0664,0.000131,0.000664,0.336,0.691,130.078,6,0,346840,uncategorized
113,3C64V048fGyQfCjmu9TIGA,90s HITS | TOP 100 SONGS,130,user,myplay.com,"The best of the 1990s classics, from TLC, Backstreet Boys, Destiny's Child, *NSYNC, Mariah Carey, Christina Aguilera, Britney Spears, Jennifer Lopez + more.",https://open.spotify.com/user/myplay.com,2124941,nineties,My Love Is Your Love,1ckU1EhAO0Nr73QYw24SWJ,https://p.scdn.co/mp3-preview/d85095d0b3a149f2a8b0e0a19f5f07afc0de92c1?cid=0c571addac5347aa9932ddc72e415d79,1998-11-17,['dance pop'],71,0.77,0.475,-9.512,0.159,0.0561,4.72e-06,0.0607,0.473,82.511,7,1,261573,pop
114,3C64V048fGyQfCjmu9TIGA,90s HITS | TOP 100 SONGS,130,user,myplay.com,"The best of the 1990s classics, from TLC, Backstreet Boys, Destiny's Child, *NSYNC, Mariah Carey, Christina Aguilera, Britney Spears, Jennifer Lopez + more.",https://open.spotify.com/user/myplay.com,2124941,nineties,Differences,0Uyh92tLyb9JawG8lmWCzJ,https://p.scdn.co/mp3-preview/315004b74f73d6087fa08da2c91e1cd83e847157?cid=0c571addac5347aa9932ddc72e415d79,2001-04-03,"['contemporary r&b', 'hip pop', 'r&b', 'urban contemporary']",70,0.562,0.594,-4.578,0.0558,0.318,0.0,0.311,0.423,62.876,3,0,265533,r&b
115,3C64V048fGyQfCjmu9TIGA,90s HITS | TOP 100 SONGS,130,user,myplay.com,"The best of the 1990s classics, from TLC, Backstreet Boys, Destiny's Child, *NSYNC, Mariah Carey, Christina Aguilera, Britney Spears, Jennifer Lopez + more.",https://open.spotify.com/user/myplay.com,2124941,nineties,Gone Till November (feat. The New York Philharmonic Orchestra),6Gd123r71KDdpH8JRdYvrh,https://p.scdn.co/mp3-preview/03504b5e62878fbedbbe446028c257c718aa4f7d?cid=0c571addac5347aa9932ddc72e415d79,1997,['rap kreyol'],49,0.673,0.538,-7.957,0.0854,0.0957,4.41e-05,0.14,0.454,85.936,4,1,207627,rap
116,3C64V048fGyQfCjmu9TIGA,90s HITS | TOP 100 SONGS,130,user,myplay.com,"The best of the 1990s classics, from TLC, Backstreet Boys, Destiny's Child, *NSYNC, Mariah Carey, Christina Aguilera, Britney Spears, Jennifer Lopez + more.",https://open.spotify.com/user/myplay.com,2124941,nineties,Weak,71EHOyEOhNx1SzTebRRyng,https://p.scdn.co/mp3-preview/29bae245cb356b9ab8df2bcd939f6ef3675c1790?cid=0c571addac5347aa9932ddc72e415d79,1992-10-27,"['contemporary r&b', 'girl group', 'hip pop', 'new jack swing', 'r&b', 'urban contemporary']",71,0.693,0.533,-10.954,0.0402,0.107,0.0,0.0695,0.568,127.661,2,0,291907,r&b
117,3C64V048fGyQfCjmu9TIGA,90s HITS | TOP 100 SONGS,130,user,myplay.com,"The best of the 1990s classics, from TLC, Backstreet Boys, Destiny's Child, *NSYNC, Mariah Carey, Christina Aguilera, Britney Spears, Jennifer Lopez + more.",https://open.spotify.com/user/myplay.com,2124941,nineties,Ex-Factor,2VjXGuPVVxyhMgER3Uz2Fe,https://p.scdn.co/mp3-preview/c0ab315b7378564e99b76c1125a315c9dfc75174?cid=0c571addac5347aa9932ddc72e415d79,1998-08-25,"['alternative r&b', 'conscious hip hop', 'hip hop', 'neo soul', 'new jersey rap', 'r&b', 'soul']",74,0.593,0.619,-9.003,0.0976,0.118,0.0,0.484,0.668,80.02,3,0,326533,r&b
118,3C64V048fGyQfCjmu9TIGA,90s HITS | TOP 100 SONGS,130,user,myplay.com,"The best of the 1990s classics, from TLC, Backstreet Boys, Destiny's Child, *NSYNC, Mariah Carey, Christina Aguilera, Britney Spears, Jennifer Lopez + more.",https://open.spotify.com/user/myplay.com,2124941,nineties,Fu-Gee-La,1rJM37Dd4OcSJvzI84yCcP,https://p.scdn.co/mp3-preview/854320a6d863878864e7076386ac96b9baa26b3d?cid=0c571addac5347aa9932ddc72e415d79,1996-02-13,"['east coast hip hop', 'hip hop', 'neo soul', 'new jersey rap']",70,0.681,0.505,-11.709,0.138,0.137,0.0,0.234,0.399,89.953,1,1,260067,rap
119,3C64V048fGyQfCjmu9TIGA,90s HITS | TOP 100 SONGS,130,user,myplay.com,"The best of the 1990s classics, from TLC, Backstreet Boys, Destiny's Child, *NSYNC, Mariah Carey, Christina Aguilera, Britney Spears, Jennifer Lopez + more.",https://open.spotify.com/user/myplay.com,2124941,nineties,Building a Mystery,3ozomn4PrGEKEuusxX2HpC,https://p.scdn.co/mp3-preview/569ad5a63c3f557bb814f6323827a3c046338d47?cid=0c571addac5347aa9932ddc72e415d79,1997-08-29,"['canadian pop', 'canadian singer-songwriter', 'ectofolk', 'lilith', 'permanent wave', 'pop rock']",56,0.505,0.518,-8.601,0.023,0.403,0.0,0.129,0.472,81.019,2,1,247307,pop
120,3C64V048fGyQfCjmu9TIGA,90s HITS | TOP 100 SONGS,130,user,myplay.com,"The best of the 1990s classics, from TLC, Backstreet Boys, Destiny's Child, *NSYNC, Mariah Carey, Christina Aguilera, Britney Spears, Jennifer Lopez + more.",https://open.spotify.com/user/myplay.com,2124941,nineties,Rap Promoter,6CCIqr8xROr3jTnXf4GI3B,https://p.scdn.co/mp3-preview/0068c3306902624d460f928e37d4d7720c9b83cd?cid=0c571addac5347aa9932ddc72e415d79,1991-09-24,"['conscious hip hop', 'east coast hip hop', 'golden age hip hop', 'hip hop', 'jazz rap', 'queens hip hop']",52,0.867,0.459,-13.526,0.254,0.00846,0.0212,0.0695,0.554,97.464,4,0,133000,jazz
121,3C64V048fGyQfCjmu9TIGA,90s HITS | TOP 100 SONGS,130,user,myplay.com,"The best of the 1990s classics, from TLC, Backstreet Boys, Destiny's Child, *NSYNC, Mariah Carey, Christina Aguilera, Britney Spears, Jennifer Lopez + more.",https://open.spotify.com/user/myplay.com,2124941,nineties,He Wasn't Man Enough,7f1Dmr246cJ9uQYdbplTbh,https://p.scdn.co/mp3-preview/9790a4ecd20aa3b711d04dffe8c3e50015de764c?cid=0c571addac5347aa9932ddc72e415d79,2000,"['contemporary r&b', 'dance pop', 'r&b', 'urban contemporary']",71,0.739,0.947,-1.916,0.0411,0.00916,3.14e-05,0.326,0.766,88.009,11,0,261933,r&b
122,3C64V048fGyQfCjmu9TIGA,90s HITS | TOP 100 SONGS,130,user,myplay.com,"The best of the 1990s classics, from TLC, Backstreet Boys, Destiny's Child, *NSYNC, Mariah Carey, Christina Aguilera, Britney Spears, Jennifer Lopez + more.",https://open.spotify.com/user/myplay.com,2124941,nineties,Back & Forth,45wneA2j0Z0WMnYNDO6Ad0,https://p.scdn.co/mp3-preview/50318c371f37a3fbe741c33aa5af116f6be33b16?cid=0c571addac5347aa9932ddc72e415d79,1994-05-22,"['contemporary r&b', 'dance pop', 'hip pop', 'r&b', 'urban contemporary']",64,0.706,0.727,-8.06,0.0317,0.0698,5.31e-06,0.115,0.903,92.938,5,1,231093,pop
123,3C64V048fGyQfCjmu9TIGA,90s HITS | TOP 100 SONGS,130,user,myplay.com,"The best of the 1990s classics, from TLC, Backstreet Boys, Destiny's Child, *NSYNC, Mariah Carey, Christina Aguilera, Britney Spears, Jennifer Lopez + more.",https://open.spotify.com/user/myplay.com,2124941,nineties,Streets of Philadelphia - Single Edit,3fbnbn6A5O5RNb08tlUEgd,https://p.scdn.co/mp3-preview/015884640241cacd2456e0e0bc34fe2ed9f5f98b?cid=0c571addac5347aa9932ddc72e415d79,1995-02-27,"['heartland rock', 'mellow gold', 'permanent wave', 'rock', 'singer-songwriter']",76,0.741,0.29,-13.251,0.0302,0.294,0.118,0.0924,0.443,93.699,5,1,195080,rock
124,3C64V048fGyQfCjmu9TIGA,90s HITS | TOP 100 SONGS,130,user,myplay.com,"The best of the 1990s classics, from TLC, Backstreet Boys, Destiny's Child, *NSYNC, Mariah Carey, Christina Aguilera, Britney Spears, Jennifer Lopez + more.",https://open.spotify.com/user/myplay.com,2124941,nineties,Survivor,2Mpj1Ul5OFPyyP4wB62Rvi,https://p.scdn.co/mp3-preview/a0cbac2664d8cc005454d3a5b2e27878a62e1edd?cid=0c571addac5347aa9932ddc72e415d79,2001-05-01,"['dance pop', 'girl group', 'pop', 'r&b', 'urban contemporary']",74,0.514,0.911,-2.027,0.41,0.0559,0.0,0.775,0.619,161.109,1,0,254027,pop
125,3C64V048fGyQfCjmu9TIGA,90s HITS | TOP 100 SONGS,130,user,myplay.com,"The best of the 1990s classics, from TLC, Backstreet Boys, Destiny's Child, *NSYNC, Mariah Carey, Christina Aguilera, Britney Spears, Jennifer Lopez + more.",https://open.spotify.com/user/myplay.com,2124941,nineties,Killing Me Softly With His Song,0Q0IVlqMV64kNLlwjPj0Hl,https://p.scdn.co/mp3-preview/63ba38c018c61519e68715aa003f4c72374d65b5?cid=0c571addac5347aa9932ddc72e415d79,1996-02-13,"['east coast hip hop', 'hip hop', 'neo soul', 'new jersey rap']",81,0.765,0.29,-17.117,0.139,0.0279,0.0,0.571,0.506,92.409,4,0,298773,rap
126,3C64V048fGyQfCjmu9TIGA,90s HITS | TOP 100 SONGS,130,user,myplay.com,"The best of the 1990s classics, from TLC, Backstreet Boys, Destiny's Child, *NSYNC, Mariah Carey, Christina Aguilera, Britney Spears, Jennifer Lopez + more.",https://open.spotify.com/user/myplay.com,2124941,nineties,You Make Me Wanna...,47TqCCnEliDp8NRDyIQoQq,https://p.scdn.co/mp3-preview/d14cafed1e8747de5f1bfccb4d8a3e708721d684?cid=0c571addac5347aa9932ddc72e415d79,1997-09-16,"['atl hip hop', 'contemporary r&b', 'dance pop', 'pop', 'r&b', 'rap', 'south carolina hip hop', 'urban contemporary']",72,0.761,0.639,-7.577,0.0539,0.0359,0.0,0.0945,0.922,164.088,5,0,219120,pop
127,3C64V048fGyQfCjmu9TIGA,90s HITS | TOP 100 SONGS,130,user,myplay.com,"The best of the 1990s classics, from TLC, Backstreet Boys, Destiny's Child, *NSYNC, Mariah Carey, Christina Aguilera, Britney Spears, Jennifer Lopez + more.",https://open.spotify.com/user/myplay.com,2124941,nineties,Drive,7nnWIPM5hwE3DaUBkvOIpy,https://p.scdn.co/mp3-preview/7948a397a8d6e2e9d37ea4827235fbe254463b66?cid=0c571addac5347aa9932ddc72e415d79,1999-10-26,"['alternative metal', 'alternative rock', 'funk metal', 'funk rock', 'nu metal', 'post-grunge', 'rock']",80,0.645,0.792,-7.34,0.036,0.0562,0.0121,0.119,0.666,90.565,4,0,232453,rock
128,3C64V048fGyQfCjmu9TIGA,90s HITS | TOP 100 SONGS,130,user,myplay.com,"The best of the 1990s classics, from TLC, Backstreet Boys, Destiny's Child, *NSYNC, Mariah Carey, Christina Aguilera, Britney Spears, Jennifer Lopez + more.",https://open.spotify.com/user/myplay.com,2124941,nineties,The World Is Yours,7G3lxTsMfSx4yarMkfgnTC,https://p.scdn.co/mp3-preview/353022ee9901b35819bc53752fdcc314c3258e2d?cid=0c571addac5347aa9932ddc72e415d79,1994-04-19,"['conscious hip hop', 'east coast hip hop', 'gangster rap', 'hardcore hip hop', 'hip hop', 'queens hip hop', 'rap']",72,0.678,0.794,-6.186,0.14,0.274,1.68e-06,0.124,0.54,87.374,10,0,290573,rap
129,3C64V048fGyQfCjmu9TIGA,90s HITS | TOP 100 SONGS,130,user,myplay.com,"The best of the 1990s classics, from TLC, Backstreet Boys, Destiny's Child, *NSYNC, Mariah Carey, Christina Aguilera, Britney Spears, Jennifer Lopez + more.",https://open.spotify.com/user/myplay.com,2124941,nineties,Neon Moon,2M38X60UJnupGPbFTkVPNQ,https://p.scdn.co/mp3-preview/cd794cb360d186a5017294d426d558e30fbf123e?cid=0c571addac5347aa9932ddc72e415d79,1991-08-13,"['contemporary country', 'country', 'country road']",65,0.735,0.488,-10.56,0.026,0.596,1.1e-06,0.0949,0.452,102.383,9,1,261227,country
